epoch_ms,iso,channel,ratio,value,unit
1787756226249,2026-08-26T16:57:06.249000,0,-0.000076388,0.36869988542114407,g
1787756226349,2026-08-26T16:57:06.349000,0,-0.000076388,0.36869988542114407,g
1787756226450,2026-08-26T16:57:06.450000,0,-0.000076388,0.36869988542114407,g
1787756226550,2026-08-26T16:57:06.550000,0,-0.000076388,0.36869988542114407,g
1787756226650,2026-08-26T16:57:06.650000,0,-0.000076388,0.36869988542114407,g
1787756226750,2026-08-26T16:57:06.750000,0,-0.000076388,0.36869988542114407,g
1787756226851,2026-08-26T16:57:06.851000,0,-0.000076458,0.7212287356321901,g
1787756226951,2026-08-26T16:57:06.951000,0,-0.000076458,0.7212287356321901,g
1787756227051,2026-08-26T16:57:07.051000,0,-0.000076365,0.25119026868410593,g
1787756227151,2026-08-26T16:57:07.151000,0,-0.000076365,0.25119026868410593,g
1787756227252,2026-08-26T16:57:07.252000,0,-0.000076375,0.3028918756013205,g
1787756227352,2026-08-26T16:57:07.352000,0,-0.000076393,0.392203827573968,g
1787756227425,2026-08-26T16:57:07.425000,3,0.001560611,92.63362204650811,g
1787756227452,2026-08-26T16:57:07.452000,0,-0.000076395,0.4063001364493588,g
1787756227525,2026-08-26T16:57:07.525000,3,0.001560405,92.7326987042157,g
1787756227552,2026-08-26T16:57:07.552000,0,-0.000076336,0.10547794016913646,g
1787756227626,2026-08-26T16:57:07.626000,3,0.001559908,92.9720972959489,g
1787756227653,2026-08-26T16:57:07.653000,0,-0.000076395,0.40160136682425135,g
1787756227726,2026-08-26T16:57:07.726000,3,0.001560156,92.852397759397,g
1787756227753,2026-08-26T16:57:07.753000,0,-0.000076391,0.3828012413100756,g
1787756227826,2026-08-26T16:57:07.826000,3,0.001560641,92.61927624016576,g
1787756227853,2026-08-26T16:57:07.853000,0,-0.000076347,0.1618833637250676,g
1787756227926,2026-08-26T16:57:07.926000,3,0.001560378,92.74570004249831,g
1787756227953,2026-08-26T16:57:07.953000,0,-0.000076343,0.14307819119735116,g
1787756228027,2026-08-26T16:57:08.027000,3,0.001560034,92.91112689693792,g
1787756228054,2026-08-26T16:57:08.054000,0,-0.000076384,0.3498997599069683,g
1787756228127,2026-08-26T16:57:08.127000,3,0.001559832,93.00841044919531,g
1787756228154,2026-08-26T16:57:08.154000,0,-0.000076404,0.44860420411629004,g
1787756228227,2026-08-26T16:57:08.227000,3,0.001560117,92.87122705142065,g
1787756228254,2026-08-26T16:57:08.254000,0,-0.000076388,0.36869988542114407,g
1787756228327,2026-08-26T16:57:08.327000,3,0.001560159,92.85105280996669,g
1787756228354,2026-08-26T16:57:08.354000,0,-0.000076403,0.4439054344911826,g
1787756228427,2026-08-26T16:57:08.427000,3,0.001560354,92.75735594998025,g
1787756228455,2026-08-26T16:57:08.455000,0,-0.000076366,0.25588903830921345,g
1787756228528,2026-08-26T16:57:08.528000,3,0.001560415,92.72776754388511,g
1787756228555,2026-08-26T16:57:08.555000,0,-0.000076352,0.18538225886428242,g
1787756228628,2026-08-26T16:57:08.628000,3,0.001560143,92.85867435052837,g
1787756228655,2026-08-26T16:57:08.655000,0,-0.000076371,0.2840917500872132,g
1787756228728,2026-08-26T16:57:08.728000,3,0.001559975,92.93981850962263,g
1787756228755,2026-08-26T16:57:08.755000,0,-0.000076367,0.2605878079343893,g
1787756228828,2026-08-26T16:57:08.828000,3,0.001560233,92.81563645013071,g
1787756228856,2026-08-26T16:57:08.856000,0,-0.000076359,0.2229875569061062,g
1787756228929,2026-08-26T16:57:08.929000,3,0.001560387,92.74121655681712,g
1787756228956,2026-08-26T16:57:08.956000,0,-0.000076343,0.14307819119735116,g
1787756229029,2026-08-26T16:57:09.029000,3,0.001560383,92.74345829965777,g
1787756229056,2026-08-26T16:57:09.056000,0,-0.000076373,0.2934943363510372,g
1787756229129,2026-08-26T16:57:09.129000,3,0.001560436,92.71790474185335,g
1787756229156,2026-08-26T16:57:09.156000,0,-0.000076382,0.3404971736431443,g
1787756229229,2026-08-26T16:57:09.229000,3,0.001560084,92.88736644458379,g
1787756229257,2026-08-26T16:57:09.257000,0,-0.000076380,0.32639581775414445,g
1787756229330,2026-08-26T16:57:09.330000,3,0.001560065,92.89633245320509,g
1787756229357,2026-08-26T16:57:09.357000,0,-0.000076361,0.2323901431699986,g
1787756229430,2026-08-26T16:57:09.430000,3,0.001560270,92.79770395151739,g
1787756229457,2026-08-26T16:57:09.457000,0,-0.000076323,0.03966993034931291,g
1787756229530,2026-08-26T16:57:09.530000,3,0.001559909,92.97164865855844,g
1787756229557,2026-08-26T16:57:09.557000,0,-0.000076333,0.09137658428013658,g
1787756229630,2026-08-26T16:57:09.630000,3,0.001560142,92.85912250654825,g
1787756229658,2026-08-26T16:57:09.658000,0,-0.000076402,0.4392066648660067,g
1787756229731,2026-08-26T16:57:09.731000,3,0.001560264,92.80039385037792,g
1787756229758,2026-08-26T16:57:09.758000,0,-0.000076399,0.4251053089770752,g
1787756229831,2026-08-26T16:57:09.831000,3,0.001560391,92.73942345136695,g
1787756229858,2026-08-26T16:57:09.858000,0,-0.000076313,-0.012031676567901677,g
1787756229931,2026-08-26T16:57:09.931000,3,0.001559864,92.99316784944261,g
1787756229959,2026-08-26T16:57:09.959000,0,-0.000076356,0.2088862010171747,g
1787756230032,2026-08-26T16:57:10.032000,3,0.001560049,92.9039535123961,g
1787756230059,2026-08-26T16:57:10.059000,0,-0.000076382,0.3404971736431443,g
1787756230132,2026-08-26T16:57:10.132000,3,0.001560788,92.54844303912301,g
1787756230159,2026-08-26T16:57:10.159000,0,-0.000076381,0.3310945873793203,g
1787756230233,2026-08-26T16:57:10.233000,3,0.001560367,92.75107935884877,g
1787756230260,2026-08-26T16:57:10.260000,0,-0.000076349,0.17128090297535092,g
1787756230333,2026-08-26T16:57:10.333000,3,0.001559883,92.98375320343074,g
1787756230360,2026-08-26T16:57:10.360000,0,-0.000076352,0.18538225886428242,g
1787756230433,2026-08-26T16:57:10.433000,3,0.001560194,92.8340171047638,g
1787756230461,2026-08-26T16:57:10.461000,0,-0.000076363,0.24178768242028195,g
1787756230534,2026-08-26T16:57:10.534000,3,0.001560220,92.82146440387163,g
1787756230561,2026-08-26T16:57:10.561000,0,-0.000076389,0.3733986550462516,g
1787756230634,2026-08-26T16:57:10.634000,3,0.001560156,92.852397759397,g
1787756230661,2026-08-26T16:57:10.661000,0,-0.000076368,0.26529162457310584,g
1787756230734,2026-08-26T16:57:10.734000,3,0.001560267,92.79904890094771,g
1787756230762,2026-08-26T16:57:10.762000,0,-0.000076355,0.20418743139199882,g
1787756230834,2026-08-26T16:57:10.834000,3,0.001560289,92.78828930550563,g
1787756230862,2026-08-26T16:57:10.862000,0,-0.000076349,0.17128090297535092,g
1787756230935,2026-08-26T16:57:10.935000,3,0.001560085,92.88691780719321,g
1787756230962,2026-08-26T16:57:10.962000,0,-0.000076369,0.2746891638233892,g
1787756231035,2026-08-26T16:57:11.035000,3,0.001560293,92.78649620005544,g
1787756231063,2026-08-26T16:57:11.063000,0,-0.000076357,0.21358497064228218,g
1787756231135,2026-08-26T16:57:11.135000,3,0.001560253,92.80577364809896,g
1787756231163,2026-08-26T16:57:11.163000,0,-0.000076379,0.321697048129037,g
1787756231235,2026-08-26T16:57:11.235000,3,0.001560268,92.79860074492773,g
1787756231263,2026-08-26T16:57:11.263000,0,-0.000076362,0.23708891279510608,g
1787756231336,2026-08-26T16:57:11.336000,3,0.001559966,92.94385335791347,g
1787756231364,2026-08-26T16:57:11.364000,0,-0.000076368,0.26529162457310584,g
1787756231437,2026-08-26T16:57:11.437000,3,0.001560403,92.73359549762603,g
1787756231464,2026-08-26T16:57:11.464000,0,-0.000076352,0.18538225886428242,g
1787756231537,2026-08-26T16:57:11.537000,3,0.001560498,92.68786769836774,g
1787756231566,2026-08-26T16:57:11.566000,0,-0.000076378,0.31699323149032044,g
1787756231638,2026-08-26T16:57:11.638000,3,0.001560072,92.89274576093413,g
1787756231669,2026-08-26T16:57:11.669000,0,-0.000076352,0.18538225886428242,g
1787756231738,2026-08-26T16:57:11.738000,3,0.001560892,92.49823223555413,g
1787756231769,2026-08-26T16:57:11.769000,0,-0.000076363,0.24178768242028195,g
1787756231838,2026-08-26T16:57:11.838000,3,0.001560311,92.777978347454,g
1787756231869,2026-08-26T16:57:11.869000,0,-0.000076399,0.4251053089770752,g
1787756231939,2026-08-26T16:57:11.939000,3,0.001560306,92.78021960892406,g
1787756231970,2026-08-26T16:57:11.970000,0,-0.000076381,0.33579840401803684,g
1787756232039,2026-08-26T16:57:12.039000,3,0.001560023,92.91650669465896,g
1787756232070,2026-08-26T16:57:12.070000,0,-0.000076388,0.36869988542114407,g
1787756232139,2026-08-26T16:57:12.139000,3,0.001559835,93.00706549976509,g
1787756232170,2026-08-26T16:57:12.170000,0,-0.000076377,0.31229446186514453,g
1787756232240,2026-08-26T16:57:12.240000,3,0.001560423,92.72418085161425,g
1787756232271,2026-08-26T16:57:12.271000,0,-0.000076348,0.16658213335017505,g
1787756232340,2026-08-26T16:57:12.340000,3,0.001560435,92.71835289787333,g
1787756232371,2026-08-26T16:57:12.371000,0,-0.000076386,0.35929729915725167,g
1787756232440,2026-08-26T16:57:12.440000,3,0.001559817,93.01558335236653,g
1787756232471,2026-08-26T16:57:12.471000,0,-0.000076386,0.35929729915725167,g
1787756232540,2026-08-26T16:57:12.540000,3,0.001560333,92.76721875201191,g
1787756232571,2026-08-26T16:57:12.571000,0,-0.000076363,0.24178768242028195,g
1787756232641,2026-08-26T16:57:12.641000,3,0.001560478,92.69728234437962,g
1787756232672,2026-08-26T16:57:12.672000,0,-0.000076353,0.19008607550299897,g
1787756232741,2026-08-26T16:57:12.741000,3,0.001560379,92.74525140510785,g
1787756232772,2026-08-26T16:57:12.772000,0,-0.000076393,0.392203827573968,g
1787756232841,2026-08-26T16:57:12.841000,3,0.001560003,92.92636949669071,g
1787756232872,2026-08-26T16:57:12.872000,0,-0.000076360,0.22768632653128207,g
1787756232941,2026-08-26T16:57:12.941000,3,0.001558268,93.7611248280796,g
1787756232973,2026-08-26T16:57:12.973000,0,-0.000076357,0.21358497064228218,g
1787756233042,2026-08-26T16:57:13.042000,3,0.001560810,92.53768344368093,g
1787756233073,2026-08-26T16:57:13.073000,0,-0.000076414,0.5003108580471137,g
1787756233142,2026-08-26T16:57:13.142000,3,0.001558714,93.54683211950142,g
1787756233173,2026-08-26T16:57:13.173000,0,-0.000076414,0.5003108580471137,g
1787756233242,2026-08-26T16:57:13.242000,3,0.001559250,93.28860471711505,g
1787756233273,2026-08-26T16:57:13.273000,0,-0.000076561,1.2429738565110295,g
1787756233342,2026-08-26T16:57:13.342000,3,0.001564228,90.89238090790658,g
1787756233374,2026-08-26T16:57:13.374000,0,-0.000076369,0.2746891638233892,g
1787756233443,2026-08-26T16:57:13.443000,3,0.001556037,94.8352787512018,g
1787756233474,2026-08-26T16:57:13.474000,0,-0.000076618,1.529699743915861,g
1787756233543,2026-08-26T16:57:13.543000,3,0.001557030,94.3573788425162,g
1787756233574,2026-08-26T16:57:13.574000,0,-0.000076225,-0.45387247875159514,g
1787756233643,2026-08-26T16:57:13.643000,3,0.001562801,91.57919372744931,g
1787756233675,2026-08-26T16:57:13.675000,0,-0.000076344,0.1477820078360677,g
1787756233746,2026-08-26T16:57:13.746000,3,0.001554296,95.67317261884168,g
1787756233775,2026-08-26T16:57:13.775000,0,-0.000076355,0.20418743139199882,g
1787756233846,2026-08-26T16:57:13.846000,3,0.001557198,94.27623468342195,g
1787756233875,2026-08-26T16:57:13.875000,0,-0.000076062,-1.2764397959107252,g
1787756233948,2026-08-26T16:57:13.948000,3,0.001561933,91.99702003053427,g
1787756233978,2026-08-26T16:57:13.978000,0,-0.000076398,0.42040149233835866,g
1787756234048,2026-08-26T16:57:14.048000,3,0.001561803,92.05978353499543,g
1787756234078,2026-08-26T16:57:14.078000,0,-0.000076138,-0.891009464296572,g
1787756234149,2026-08-26T16:57:14.149000,3,0.001557797,93.98797023755004,g
1787756234185,2026-08-26T16:57:14.185000,0,-0.000076198,-0.5901822210027406,g
1787756234249,2026-08-26T16:57:14.249000,3,0.001560103,92.8779517985719,g
1787756234285,2026-08-26T16:57:14.285000,0,-0.000076427,0.5661138208533282,g
1787756234350,2026-08-26T16:57:14.350000,3,0.001562444,91.75089717302029,g
1787756234385,2026-08-26T16:57:14.385000,0,-0.000076465,0.7588340336740139,g
1787756234451,2026-08-26T16:57:14.451000,3,0.001561505,92.20324304253099,g
1787756234488,2026-08-26T16:57:14.488000,0,-0.000076365,0.25119026868410593,g
1787756234554,2026-08-26T16:57:14.554000,3,0.001558678,93.5638678247043,g
1787756234588,2026-08-26T16:57:14.588000,0,-0.000076454,0.7024286101180144,g
1787756234655,2026-08-26T16:57:14.655000,3,0.001560117,92.87122705142065,g
1787756234689,2026-08-26T16:57:14.689000,0,-0.000076552,1.1959710192189223,g
1787756234756,2026-08-26T16:57:14.756000,3,0.001560624,92.62734545537673,g
1787756234790,2026-08-26T16:57:14.790000,0,-0.000076464,0.7541302170352974,g
1787756234856,2026-08-26T16:57:14.856000,3,0.001560119,92.87033025801021,g
1787756234890,2026-08-26T16:57:14.890000,0,-0.000076470,0.7823329288132287,g
1787756234957,2026-08-26T16:57:14.957000,3,0.001557483,94.13905128564718,g
1787756234990,2026-08-26T16:57:14.990000,0,-0.000076626,1.5719987645692517,g
1787756235057,2026-08-26T16:57:15.057000,3,0.001558132,93.82702686879175,g
1787756235091,2026-08-26T16:57:15.091000,0,-0.000076323,0.03966993034931291,g
1787756235157,2026-08-26T16:57:15.157000,3,0.001560443,92.71431804958249,g
1787756235194,2026-08-26T16:57:15.194000,0,-0.000076396,0.41100395308807536,g
1787756235258,2026-08-26T16:57:15.258000,3,0.001560513,92.6806947951966,g
1787756235294,2026-08-26T16:57:15.294000,0,-0.000076432,0.5896177630061521,g
1787756235358,2026-08-26T16:57:15.358000,3,0.001559469,93.18325146827608,g
1787756235394,2026-08-26T16:57:15.394000,0,-0.000076360,0.22768632653128207,g
1787756235459,2026-08-26T16:57:15.459000,3,0.001559418,93.20790871404066,g
1787756235495,2026-08-26T16:57:15.495000,0,-0.000076354,0.1994836147532823,g
1787756235564,2026-08-26T16:57:15.564000,3,0.001560744,92.56951359261673,g
1787756235598,2026-08-26T16:57:15.598000,0,-0.000076385,0.3545985295321442,g
1787756235667,2026-08-26T16:57:15.667000,3,0.001560046,92.9052984618264,g
1787756235702,2026-08-26T16:57:15.702000,0,-0.000076369,0.2746891638233892,g
1787756235767,2026-08-26T16:57:15.767000,3,0.001559655,93.09358945658039,g
1787756235802,2026-08-26T16:57:15.802000,0,-0.000076376,0.3075956922400371,g
1787756235867,2026-08-26T16:57:15.867000,3,0.001560478,92.69728234437962,g
1787756235902,2026-08-26T16:57:15.902000,0,-0.000076368,0.2699903941982133,g
1787756235968,2026-08-26T16:57:15.968000,3,0.001560166,92.84746659906641,g
1787756236003,2026-08-26T16:57:16.003000,0,-0.000076380,0.32639581775414445,g
1787756236068,2026-08-26T16:57:16.068000,3,0.001559975,92.93981850962263,g
1787756236103,2026-08-26T16:57:16.103000,0,-0.000076375,0.3028918756013205,g
1787756236168,2026-08-26T16:57:16.168000,3,0.001560003,92.92592085930015,g
1787756236203,2026-08-26T16:57:16.203000,0,-0.000076387,0.3640011157959682,g
1787756236268,2026-08-26T16:57:16.268000,3,0.001560298,92.78425445721479,g
1787756236303,2026-08-26T16:57:16.303000,0,-0.000076365,0.25119026868410593,g
1787756236369,2026-08-26T16:57:16.369000,3,0.001560494,92.68966080381792,g
1787756236404,2026-08-26T16:57:16.404000,0,-0.000076375,0.3028918756013205,g
1787756236469,2026-08-26T16:57:16.469000,3,0.001559800,93.02410120496798,g
1787756236504,2026-08-26T16:57:16.504000,0,-0.000076388,0.36869988542114407,g
1787756236569,2026-08-26T16:57:16.569000,3,0.001560069,92.89453934775491,g
1787756236604,2026-08-26T16:57:16.604000,0,-0.000076358,0.2182887872809987,g
1787756236669,2026-08-26T16:57:16.669000,3,0.001560202,92.83043089386354,g
1787756236704,2026-08-26T16:57:16.704000,0,-0.000076353,0.19008607550299897,g
1787756236770,2026-08-26T16:57:16.770000,3,0.001561001,92.44577968914459,g
1787756236804,2026-08-26T16:57:16.804000,0,-0.000076377,0.31229446186514453,g
1787756236870,2026-08-26T16:57:16.870000,3,0.001559608,93.1164531155242,g
1787756236905,2026-08-26T16:57:16.905000,0,-0.000076386,0.35929729915725167,g
1787756236970,2026-08-26T16:57:16.970000,3,0.001559442,93.19625280655883,g
1787756237005,2026-08-26T16:57:17.005000,0,-0.000076335,0.10077917054396059,g
1787756237070,2026-08-26T16:57:17.070000,3,0.001560510,92.68203974462682,g
1787756237105,2026-08-26T16:57:17.105000,0,-0.000076364,0.24649149905893009,g
1787756237171,2026-08-26T16:57:17.171000,3,0.001560648,92.61568954789479,g
1787756237205,2026-08-26T16:57:17.205000,0,-0.000076375,0.3028918756013205,g
1787756237271,2026-08-26T16:57:17.271000,3,0.001559766,93.0402405981311,g
1787756237306,2026-08-26T16:57:17.306000,0,-0.000076250,-0.326960275750733,g
1787756237371,2026-08-26T16:57:17.371000,3,0.001559778,93.0344121630196,g
1787756237406,2026-08-26T16:57:17.406000,0,-0.000076368,0.26529162457310584,g
1787756237471,2026-08-26T16:57:17.471000,3,0.001560743,92.56996174863662,g
1787756237506,2026-08-26T16:57:17.506000,0,-0.000076380,0.32639581775414445,g
1787756237571,2026-08-26T16:57:17.571000,3,0.001560498,92.68786769836774,g
1787756237606,2026-08-26T16:57:17.606000,0,-0.000076362,0.23708891279510608,g
1787756237672,2026-08-26T16:57:17.672000,3,0.001559595,93.12272970665558,g
1787756237707,2026-08-26T16:57:17.707000,0,-0.000076356,0.2088862010171747,g
1787756237772,2026-08-26T16:57:17.772000,3,0.001559663,93.09000276430953,g
1787756237807,2026-08-26T16:57:17.807000,0,-0.000076354,0.1994836147532823,g
1787756237872,2026-08-26T16:57:17.872000,3,0.001559567,93.13617920095818,g
1787756237907,2026-08-26T16:57:17.907000,0,-0.000076151,-0.8299002241019243,g
1787756237973,2026-08-26T16:57:17.973000,3,0.001559583,93.12810950437661,g
1787756238007,2026-08-26T16:57:18.007000,0,-0.000076173,-0.7170944240036028,g
1787756238073,2026-08-26T16:57:18.073000,3,0.001561763,92.07906098303897,g
1787756238108,2026-08-26T16:57:18.108000,0,-0.000076402,0.4392066648660067,g
1787756238173,2026-08-26T16:57:18.173000,3,0.001560320,92.77349534314328,g
1787756238208,2026-08-26T16:57:18.208000,0,-0.000076468,0.7729353895629454,g
1787756238273,2026-08-26T16:57:18.273000,3,0.001559759,93.04382680903137,g
1787756238308,2026-08-26T16:57:18.308000,0,-0.000076403,0.4439054344911826,g
1787756238374,2026-08-26T16:57:18.374000,3,0.001560243,92.81070480842955,g
1787756238408,2026-08-26T16:57:18.408000,0,-0.000076360,0.22768632653128207,g
1787756238474,2026-08-26T16:57:18.474000,3,0.001560042,92.90754020466706,g
1787756238509,2026-08-26T16:57:18.509000,0,-0.000076363,0.24178768242028195,g
1787756238574,2026-08-26T16:57:18.574000,3,0.001560397,92.73673355250642,g
1787756238610,2026-08-26T16:57:18.610000,0,-0.000076397,0.4157027227131828,g
1787756238674,2026-08-26T16:57:18.674000,3,0.001560023,92.91650669465896,g
1787756238710,2026-08-26T16:57:18.710000,0,-0.000076331,0.08197399801631257,g
1787756238775,2026-08-26T16:57:18.775000,3,0.001560704,92.58879104066027,g
1787756238810,2026-08-26T16:57:18.810000,0,-0.000076226,-0.4491686621128786,g
1787756238875,2026-08-26T16:57:18.875000,3,0.001558007,93.88710047439228,g
1787756238911,2026-08-26T16:57:18.911000,0,-0.000076273,-0.2141494286388707,g
1787756238975,2026-08-26T16:57:18.975000,3,0.001559738,93.05368961106313,g
1787756239011,2026-08-26T16:57:19.011000,0,-0.000076347,0.1618833637250676,g
1787756239076,2026-08-26T16:57:19.076000,3,0.001561590,92.16244688497387,g
1787756239111,2026-08-26T16:57:19.111000,0,-0.000076428,0.5708176374920447,g
1787756239176,2026-08-26T16:57:19.176000,3,0.001560535,92.66993519975452,g
1787756239211,2026-08-26T16:57:19.211000,0,-0.000076362,0.23708891279510608,g
1787756239276,2026-08-26T16:57:19.276000,3,0.001559507,93.164870813643,g
1787756239311,2026-08-26T16:57:19.311000,0,-0.000076464,0.7541302170352974,g
1787756239376,2026-08-26T16:57:19.376000,3,0.001559562,93.13842046242824,g
1787756239412,2026-08-26T16:57:19.412000,0,-0.000076348,0.16658213335017505,g
1787756239476,2026-08-26T16:57:19.476000,3,0.001560953,92.46909198547895,g
1787756239512,2026-08-26T16:57:19.512000,0,-0.000076375,0.3028918756013205,g
1787756239577,2026-08-26T16:57:19.577000,3,0.001560980,92.45564249117635,g
1787756239612,2026-08-26T16:57:19.612000,0,-0.000076361,0.2323901431699986,g
1787756239677,2026-08-26T16:57:19.677000,3,0.001559714,93.06534599991555,g
1787756239712,2026-08-26T16:57:19.712000,0,-0.000076388,0.36869988542114407,g
1787756239777,2026-08-26T16:57:19.777000,3,0.001559764,93.04113691017085,g
1787756239812,2026-08-26T16:57:19.812000,0,-0.000076365,0.25119026868410593,g
1787756239877,2026-08-26T16:57:19.877000,3,0.001560219,92.82236119728196,g
1787756239913,2026-08-26T16:57:19.913000,0,-0.000076384,0.3498997599069683,g
1787756239978,2026-08-26T16:57:19.978000,3,0.001560666,92.60717169529336,g
1787756240013,2026-08-26T16:57:20.013000,0,-0.000076339,0.11957929605806794,g
1787756240078,2026-08-26T16:57:20.078000,3,0.001560250,92.80711859752928,g
1787756240113,2026-08-26T16:57:20.113000,0,-0.000076377,0.31229446186514453,g
1787756240178,2026-08-26T16:57:20.178000,3,0.001560237,92.81339470729007,g
1787756240213,2026-08-26T16:57:20.213000,0,-0.000076369,0.2746891638233892,g
1787756240278,2026-08-26T16:57:20.278000,3,0.001560322,92.77259854973295,g
1787756240314,2026-08-26T16:57:20.314000,0,-0.000076352,0.18538225886428242,g
1787756240379,2026-08-26T16:57:20.379000,3,0.001560203,92.82998225647307,g
1787756240414,2026-08-26T16:57:20.414000,0,-0.000076321,0.030272391099029572,g
1787756240479,2026-08-26T16:57:20.479000,3,0.001560013,92.92143785498955,g
1787756240514,2026-08-26T16:57:20.514000,0,-0.000076378,0.31699323149032044,g
1787756240579,2026-08-26T16:57:20.579000,3,0.001560166,92.84746659906641,g
1787756240614,2026-08-26T16:57:20.614000,0,-0.000076362,0.23708891279510608,g
1787756240679,2026-08-26T16:57:20.679000,3,0.001560342,92.7627357477013,g
1787756240714,2026-08-26T16:57:20.714000,0,-0.000076393,0.392203827573968,g
1787756240780,2026-08-26T16:57:20.780000,3,0.001560359,92.75466605111974,g
1787756240815,2026-08-26T16:57:20.815000,0,-0.000076343,0.14307819119735116,g
1787756240880,2026-08-26T16:57:20.880000,3,0.001559968,92.94295704587373,g
1787756240915,2026-08-26T16:57:20.915000,0,-0.000076367,0.2605878079343893,g
1787756240980,2026-08-26T16:57:20.980000,3,0.001553778,95.92288216862651,g
1787756241015,2026-08-26T16:57:21.015000,0,-0.000077169,4.312335341589623,g
1787756241083,2026-08-26T16:57:21.083000,3,0.001559339,93.24556681671739,g
1787756241115,2026-08-26T16:57:21.115000,0,-0.000076115,-1.0085190810335418,g
1787756241183,2026-08-26T16:57:21.183000,3,0.001560089,92.88467654572327,g
1787756241216,2026-08-26T16:57:21.216000,0,-0.000076412,0.4909082717832897,g
1787756241284,2026-08-26T16:57:21.284000,3,0.001560382,92.74390645567765,g
1787756241318,2026-08-26T16:57:21.318000,0,-0.000076468,0.7729353895629454,g
1787756241384,2026-08-26T16:57:21.384000,3,0.001559989,92.93309376247137,g
1787756241419,2026-08-26T16:57:21.419000,0,-0.000076444,0.650721956187259,g
1787756241484,2026-08-26T16:57:21.484000,3,0.001559946,92.95371615994512,g
1787756241520,2026-08-26T16:57:21.520000,0,-0.000076412,0.4909082717832897,g
1787756241585,2026-08-26T16:57:21.585000,3,0.001559867,92.9918229000123,g
1787756241620,2026-08-26T16:57:21.620000,0,-0.000076356,0.2088862010171747,g
1787756241685,2026-08-26T16:57:21.685000,3,0.001560369,92.75018304680903,g
1787756241720,2026-08-26T16:57:21.720000,0,-0.000076381,0.3310945873793203,g
1787756241785,2026-08-26T16:57:21.785000,3,0.001560414,92.72821569990498,g
1787756241820,2026-08-26T16:57:21.820000,0,-0.000076385,0.3545985295321442,g
1787756241886,2026-08-26T16:57:21.886000,3,0.001560037,92.90978194750771,g
1787756241921,2026-08-26T16:57:21.921000,0,-0.000076351,0.18068348923917493,g
1787756241986,2026-08-26T16:57:21.986000,3,0.001560094,92.88243480288261,g
1787756242021,2026-08-26T16:57:22.021000,0,-0.000076308,-0.035535618720725574,g
1787756242086,2026-08-26T16:57:22.086000,3,0.001560343,92.76228759168133,g
1787756242121,2026-08-26T16:57:22.121000,0,-0.000076361,0.2323901431699986,g
1787756242186,2026-08-26T16:57:22.186000,3,0.001560539,92.66814209430433,g
1787756242221,2026-08-26T16:57:22.221000,0,-0.000076345,0.15248077746117517,g
1787756242287,2026-08-26T16:57:22.287000,3,0.001560147,92.8568812450783,g
1787756242322,2026-08-26T16:57:22.322000,0,-0.000076351,0.18068348923917493,g
1787756242387,2026-08-26T16:57:22.387000,3,0.001559917,92.9676138102676,g
1787756242422,2026-08-26T16:57:22.422000,0,-0.000076381,0.3310945873793203,g
1787756242487,2026-08-26T16:57:22.487000,3,0.001559383,93.22449626322367,g
1787756242522,2026-08-26T16:57:22.522000,0,-0.000076387,0.3640011157959682,g
1787756242587,2026-08-26T16:57:22.587000,3,0.001560233,92.81563645013071,g
1787756242622,2026-08-26T16:57:22.622000,0,-0.000076379,0.321697048129037,g
1787756242688,2026-08-26T16:57:22.688000,3,0.001560847,92.51975094506771,g
1787756242723,2026-08-26T16:57:22.723000,0,-0.000076368,0.2699903941982133,g
1787756242788,2026-08-26T16:57:22.788000,3,0.001560080,92.88915955003387,g
1787756242823,2026-08-26T16:57:22.823000,0,-0.000076357,0.21358497064228218,g
1787756242888,2026-08-26T16:57:22.888000,3,0.001559646,93.0980724608911,g
1787756242923,2026-08-26T16:57:22.923000,0,-0.000076370,0.2793929804620373,g
1787756242988,2026-08-26T16:57:22.988000,3,0.001560050,92.90350535637623,g
1787756243023,2026-08-26T16:57:23.023000,0,-0.000076362,0.23708891279510608,g
1787756243089,2026-08-26T16:57:23.089000,3,0.001560418,92.72642259445479,g
1787756243124,2026-08-26T16:57:23.124000,0,-0.000076400,0.42980407860218267,g
1787756243189,2026-08-26T16:57:23.189000,3,0.001557722,94.02428387216705,g
1787756243224,2026-08-26T16:57:23.224000,0,-0.000076067,-1.2529358537579014,g
1787756243289,2026-08-26T16:57:23.289000,3,0.001563514,91.23623595506841,g
1787756243324,2026-08-26T16:57:23.324000,0,-0.000076422,0.5426149257140449,g
1787756243389,2026-08-26T16:57:23.389000,3,0.001563010,91.47877212031153,g
1787756243424,2026-08-26T16:57:23.424000,0,-0.000076335,0.10077917054396059,g
1787756243490,2026-08-26T16:57:23.490000,3,0.001557773,93.99962662640247,g
1787756243525,2026-08-26T16:57:23.525000,0,-0.000076384,0.3498997599069683,g
1787756243590,2026-08-26T16:57:23.590000,3,0.001558529,93.63559781915737,g
1787756243625,2026-08-26T16:57:23.625000,0,-0.000076400,0.42980407860218267,g
1787756243691,2026-08-26T16:57:23.691000,3,0.001561809,92.05664548011504,g
1787756243727,2026-08-26T16:57:23.727000,0,-0.000076356,0.2088862010171747,g
1787756243791,2026-08-26T16:57:23.791000,3,0.001561448,92.23059018715597,g
1787756243828,2026-08-26T16:57:23.828000,0,-0.000076340,0.12427806568324382,g
1787756243891,2026-08-26T16:57:23.891000,3,0.001559165,93.32940135604275,g
1787756243928,2026-08-26T16:57:23.928000,0,-0.000076359,0.2229875569061062,g
1787756243992,2026-08-26T16:57:23.992000,3,0.001558984,93.41682210626848,g
1787756244029,2026-08-26T16:57:24.029000,0,-0.000076362,0.23708891279510608,g
1787756244092,2026-08-26T16:57:24.092000,3,0.001561017,92.4381581485829,g
1787756244129,2026-08-26T16:57:24.129000,0,-0.000076401,0.4345028482273586,g
1787756244193,2026-08-26T16:57:24.193000,3,0.001560920,92.48478274125152,g
1787756244230,2026-08-26T16:57:24.230000,0,-0.000076373,0.2934943363510372,g
1787756244294,2026-08-26T16:57:24.294000,3,0.001558948,93.43385781147137,g
1787756244331,2026-08-26T16:57:24.331000,0,-0.000076314,-0.007332906942794206,g
1787756244394,2026-08-26T16:57:24.394000,3,0.001719165,16.31041685564776,g
1787756244431,2026-08-26T16:57:24.431000,0,-0.000076304,-0.05433574423483292,g
1787756244496,2026-08-26T16:57:24.496000,3,0.001755012,-0.9455332031783853,g
1787756244531,2026-08-26T16:57:24.531000,0,-0.000076341,0.12897683530835127,g
1787756244598,2026-08-26T16:57:24.598000,3,0.001753173,-0.06011843083004141,g
1787756244632,2026-08-26T16:57:24.632000,0,-0.000076387,0.3640011157959682,g
1787756244698,2026-08-26T16:57:24.698000,3,0.001753435,-0.18654223316270988,g
1787756244732,2026-08-26T16:57:24.732000,0,-0.000076354,0.1994836147532823,g
1787756244798,2026-08-26T16:57:24.798000,3,0.001753395,-0.16726478511918175,g
1787756244833,2026-08-26T16:57:24.833000,0,-0.000076351,0.18068348923917493,g
1787756244899,2026-08-26T16:57:24.899000,3,0.001753385,-0.16233362478859964,g
1787756244933,2026-08-26T16:57:24.933000,0,-0.000076365,0.25119026868410593,g
1787756244999,2026-08-26T16:57:24.999000,3,0.001753385,-0.16233362478859964,g
1787756245034,2026-08-26T16:57:25.034000,0,-0.000076372,0.28879051971232067,g
1787756245100,2026-08-26T16:57:25.100000,3,0.001753352,-0.146194231625467,g
1787756245134,2026-08-26T16:57:25.134000,0,-0.000076359,0.2229875569061062,g
1787756245201,2026-08-26T16:57:25.201000,3,0.001753410,-0.1744376882903082,g
1787756245235,2026-08-26T16:57:25.235000,0,-0.000076370,0.2793929804620373,g
1787756245303,2026-08-26T16:57:25.303000,3,0.001753421,-0.17936932999147903,g
1787756245336,2026-08-26T16:57:25.336000,0,-0.000076406,0.45800679038018244,g
1787756245403,2026-08-26T16:57:25.403000,3,0.001753395,-0.16726478511918175,g
1787756245436,2026-08-26T16:57:25.436000,0,-0.000076373,0.2934943363510372,g
1787756245503,2026-08-26T16:57:25.503000,3,0.001753402,-0.17040332137016595,g
1787756245536,2026-08-26T16:57:25.536000,0,-0.000076404,0.44860420411629004,g
1787756245603,2026-08-26T16:57:25.603000,3,0.001753334,-0.1376763790240273,g
1787756245637,2026-08-26T16:57:25.637000,0,-0.000076377,0.31229446186514453,g
1787756245705,2026-08-26T16:57:25.705000,3,0.001753381,-0.1605400379678243,g
1787756245737,2026-08-26T16:57:25.737000,0,-0.000076317,0.011467218571381547,g
1787756245805,2026-08-26T16:57:25.805000,3,0.001753437,-0.18743902657304534,g
1787756245838,2026-08-26T16:57:25.838000,0,-0.000076375,0.3028918756013205,g
1787756245906,2026-08-26T16:57:25.906000,3,0.001753356,-0.14843597446611573,g
1787756245939,2026-08-26T16:57:25.939000,0,-0.000076366,0.25588903830921345,g
1787756246007,2026-08-26T16:57:26.007000,3,0.001753389,-0.16412673023868188,g
1787756246039,2026-08-26T16:57:26.039000,0,-0.000076408,0.47210814626918235,g
1787756246108,2026-08-26T16:57:26.108000,3,0.001753363,-0.1515740293465112,g
1787756246140,2026-08-26T16:57:26.140000,0,-0.000076367,0.2605878079343893,g
1787756246208,2026-08-26T16:57:26.208000,3,0.001753380,-0.15964372592807752,g
1787756246240,2026-08-26T16:57:26.240000,0,-0.000076359,0.2229875569061062,g
1787756246308,2026-08-26T16:57:26.308000,3,0.001753435,-0.1860940771427321,g
1787756246340,2026-08-26T16:57:26.340000,0,-0.000076352,0.18538225886428242,g
1787756246408,2026-08-26T16:57:26.408000,3,0.001753387,-0.16322993682834638,g
1787756246440,2026-08-26T16:57:26.440000,0,-0.000076388,0.36869988542114407,g
1787756246509,2026-08-26T16:57:26.509000,3,0.001753354,-0.14753918105567584,g
1787756246541,2026-08-26T16:57:26.541000,0,-0.000076391,0.3828012413100756,g
1787756246609,2026-08-26T16:57:26.609000,3,0.001753376,-0.1578506204778909,g
1787756246641,2026-08-26T16:57:26.641000,0,-0.000076369,0.2746891638233892,g
1787756246709,2026-08-26T16:57:26.709000,3,0.001753410,-0.1744376882903082,g
1787756246741,2026-08-26T16:57:26.741000,0,-0.000076374,0.29819310597621307,g
1787756246809,2026-08-26T16:57:26.809000,3,0.001753369,-0.1547120842269067,g
1787756246841,2026-08-26T16:57:26.841000,0,-0.000076370,0.2793929804620373,g
1787756246910,2026-08-26T16:57:26.910000,3,0.001753375,-0.1574019830874288,g
1787756246941,2026-08-26T16:57:26.941000,0,-0.000076367,0.2605878079343893,g
1787756247010,2026-08-26T16:57:27.010000,3,0.001753386,-0.16278178080847303,g
1787756247042,2026-08-26T16:57:27.042000,0,-0.000076361,0.2323901431699986,g
1787756247110,2026-08-26T16:57:27.110000,3,0.001753356,-0.14843597446611573,g
1787756247142,2026-08-26T16:57:27.142000,0,-0.000076378,0.31699323149032044,g
1787756247210,2026-08-26T16:57:27.210000,3,0.001753442,-0.18968028804310536,g
1787756247242,2026-08-26T16:57:27.242000,0,-0.000076356,0.2088862010171747,g
1787756247311,2026-08-26T16:57:27.311000,3,0.001753390,-0.16457488625865963,g
1787756247342,2026-08-26T16:57:27.342000,0,-0.000076381,0.33579840401803684,g
1787756247411,2026-08-26T16:57:27.411000,3,0.001752459,0.2837361349611988,g
1787756247443,2026-08-26T16:57:27.443000,0,-0.000089569,66.89342600695093,g
1787756247511,2026-08-26T16:57:27.511000,3,0.001753152,-0.05025562879828847,g
1787756247543,2026-08-26T16:57:27.543000,0,-0.000095353,96.0828945472407,g
1787756247611,2026-08-26T16:57:27.611000,3,0.001753353,-0.14664238764534038,g
1787756247643,2026-08-26T16:57:27.643000,0,-0.000096019,99.44837945897442,g
1787756247712,2026-08-26T16:57:27.712000,3,0.001753374,-0.15695382706755542,g
1787756247743,2026-08-26T16:57:27.743000,0,-0.000076287,-0.13894387956876383,g
1787756247812,2026-08-26T16:57:27.812000,3,0.001753442,-0.18968028804310536,g
1787756247844,2026-08-26T16:57:27.844000,0,-0.000076341,0.13368065194706782,g
1787756247912,2026-08-26T16:57:27.912000,3,0.001754141,-0.5263624320337035,g
1787756247944,2026-08-26T16:57:27.944000,0,-0.000092076,79.54689969261564,g
1787756248012,2026-08-26T16:57:28.012000,3,0.001753258,-0.10091506975774639,g
1787756248044,2026-08-26T16:57:28.044000,0,-0.000091027,74.2495492121453,g
1787756248113,2026-08-26T16:57:28.113000,3,0.001753399,-0.1690583719398527,g
1787756248144,2026-08-26T16:57:28.144000,0,-0.000076232,-0.4209659503348788,g
1787756248213,2026-08-26T16:57:28.213000,3,0.001753451,-0.19416377372429844,g
1787756248245,2026-08-26T16:57:28.245000,0,-0.000076201,-0.5760808651137407,g
1787756248313,2026-08-26T16:57:28.313000,3,0.001753408,-0.17354137625056143,g
1787756248345,2026-08-26T16:57:28.345000,0,-0.000076405,0.4533080207550066,g
1787756248413,2026-08-26T16:57:28.413000,3,0.001753301,-0.12198562325135676,g
1787756248445,2026-08-26T16:57:28.445000,0,-0.000076432,0.5896177630061521,g
1787756248514,2026-08-26T16:57:28.514000,3,0.001753379,-0.15919508853761544,g
1787756248545,2026-08-26T16:57:28.545000,0,-0.000076363,0.24178768242028195,g
1787756248614,2026-08-26T16:57:28.614000,3,0.001753394,-0.16681662909920397,g
1787756248645,2026-08-26T16:57:28.645000,0,-0.000076354,0.19478484512817482,g
1787756248714,2026-08-26T16:57:28.714000,3,0.001753401,-0.16995468397970384,g
1787756248746,2026-08-26T16:57:28.746000,0,-0.000076382,0.3404971736431443,g
1787756248814,2026-08-26T16:57:28.814000,3,0.001753435,-0.1860940771427321,g
1787756248846,2026-08-26T16:57:28.846000,0,-0.000076381,0.33579840401803684,g
1787756248914,2026-08-26T16:57:28.914000,3,0.001753383,-0.16143683137826415,g
1787756248946,2026-08-26T16:57:28.946000,0,-0.000099453,116.77874901300775,g
1787756249015,2026-08-26T16:57:29.015000,3,0.001753443,-0.19012892543356746,g
1787756249046,2026-08-26T16:57:29.046000,0,-0.000095735,98.01476011597734,g
1787756249116,2026-08-26T16:57:29.116000,3,0.001753428,-0.18295602226233662,g
1787756249147,2026-08-26T16:57:29.147000,0,-0.000095753,98.10406702093637,g
1787756249217,2026-08-26T16:57:29.217000,3,0.001753186,-0.06639502196142111,g
1787756249247,2026-08-26T16:57:29.247000,0,-0.000094556,92.06405858901566,g
1787756249317,2026-08-26T16:57:29.317000,3,0.001753541,-0.23720167412206342,g
1787756249347,2026-08-26T16:57:29.347000,0,-0.000094334,90.9406640285627,g
1787756249417,2026-08-26T16:57:29.417000,3,0.001753482,-0.20895773608663348,g
1787756249447,2026-08-26T16:57:29.447000,0,-0.000095034,94.47536016395065,g
1787756249517,2026-08-26T16:57:29.517000,3,0.001753351,-0.1457460756055936,g
1787756249548,2026-08-26T16:57:29.548000,0,-0.000095028,94.44715745217272,g
1787756249618,2026-08-26T16:57:29.618000,3,0.001753368,-0.1542639282070333,g
1787756249648,2026-08-26T16:57:29.648000,0,-0.000094827,93.43187496920652,g
1787756249718,2026-08-26T16:57:29.718000,3,0.001753468,-0.20223298893527603,g
1787756249748,2026-08-26T16:57:29.748000,0,-0.000094749,93.03703700431493,g
1787756249818,2026-08-26T16:57:29.818000,3,0.001753400,-0.1695065279597261,g
1787756249848,2026-08-26T16:57:29.848000,0,-0.000094965,94.12753008336479,g
1787756249918,2026-08-26T16:57:29.918000,3,0.001753365,-0.15247082275684667,g
1787756249949,2026-08-26T16:57:29.949000,0,-0.000094952,94.06172712055857,g
1787756250019,2026-08-26T16:57:30.019000,3,0.001753377,-0.15829877649776428,g
1787756250049,2026-08-26T16:57:30.049000,0,-0.000094778,93.1827493328299,g
1787756250119,2026-08-26T16:57:30.119000,3,0.001753411,-0.1748863256807703,g
1787756250149,2026-08-26T16:57:30.149000,0,-0.000094797,93.28145882405283,g
1787756250219,2026-08-26T16:57:30.219000,3,0.001753396,-0.16771342250964386,g
1787756250249,2026-08-26T16:57:30.249000,0,-0.000094876,93.67629174193081,g
1787756250319,2026-08-26T16:57:30.319000,3,0.001753372,-0.15605703365721993,g
1787756250350,2026-08-26T16:57:30.350000,0,-0.000094803,93.30966153583076,g
1787756250421,2026-08-26T16:57:30.421000,3,0.001753421,-0.17981748601135242,g
1787756250450,2026-08-26T16:57:30.450000,0,-0.000094799,93.29086141031665,g
1787756250521,2026-08-26T16:57:30.521000,3,0.001753380,-0.15964372592807752,g
1787756250553,2026-08-26T16:57:30.553000,0,-0.000094852,93.55878212519377,g
1787756250621,2026-08-26T16:57:30.621000,3,0.001753389,-0.16412673023868188,g
1787756250654,2026-08-26T16:57:30.654000,0,-0.000094797,93.28145882405283,g
1787756250722,2026-08-26T16:57:30.722000,3,0.001753396,-0.16771342250964386,g
1787756250754,2026-08-26T16:57:30.754000,0,-0.000094817,93.3801683152757,g
1787756250822,2026-08-26T16:57:30.822000,3,0.001753397,-0.1681615785295172,g
1787756250854,2026-08-26T16:57:30.854000,0,-0.000094843,93.51177928790173,g
1787756250922,2026-08-26T16:57:30.922000,3,0.001753414,-0.17623127511108355,g
1787756250954,2026-08-26T16:57:30.954000,0,-0.000094837,93.47887780649863,g
1787756251022,2026-08-26T16:57:31.022000,3,0.001753366,-0.15291897877672006,g
1787756251055,2026-08-26T16:57:31.055000,0,-0.000094838,93.48357657612374,g
1787756251123,2026-08-26T16:57:31.123000,3,0.001753408,-0.17354137625056143,g
1787756251155,2026-08-26T16:57:31.155000,0,-0.000094827,93.43187496920652,g
1787756251223,2026-08-26T16:57:31.223000,3,0.001753417,-0.1775762245412924,g
1787756251255,2026-08-26T16:57:31.255000,0,-0.000094877,93.68099555856952,g
1787756251323,2026-08-26T16:57:31.323000,3,0.001753356,-0.14843597446611573,g
1787756251355,2026-08-26T16:57:31.355000,0,-0.000094892,93.76089987726473,g
1787756251423,2026-08-26T16:57:31.423000,3,0.001753353,-0.14664238764534038,g
1787756251455,2026-08-26T16:57:31.455000,0,-0.000094823,93.40837102705369,g
1787756251524,2026-08-26T16:57:31.524000,3,0.001753419,-0.17847253658114354,g
1787756251556,2026-08-26T16:57:31.556000,0,-0.000094824,93.4130697966788,g
1787756251624,2026-08-26T16:57:31.624000,3,0.001753387,-0.16322993682834638,g
1787756251656,2026-08-26T16:57:31.656000,0,-0.000094847,93.53057941341584,g
1787756251724,2026-08-26T16:57:31.724000,3,0.001753426,-0.18205922885200113,g
1787756251756,2026-08-26T16:57:31.756000,0,-0.000094813,93.36136818976159,g
1787756251824,2026-08-26T16:57:31.824000,3,0.001753394,-0.16636847307933061,g
1787756251857,2026-08-26T16:57:31.857000,0,-0.000094819,93.38957090153951,g
1787756251924,2026-08-26T16:57:31.924000,3,0.001753372,-0.15605703365721993,g
1787756251957,2026-08-26T16:57:31.957000,0,-0.000094828,93.43657373883163,g
1787756252025,2026-08-26T16:57:32.025000,3,0.001753405,-0.1717482708003748,g
1787756252057,2026-08-26T16:57:32.057000,0,-0.000094788,93.23445598676072,g
1787756252125,2026-08-26T16:57:32.125000,3,0.001753369,-0.1547120842269067,g
1787756252157,2026-08-26T16:57:32.157000,0,-0.000094824,93.4130697966788,g
1787756252225,2026-08-26T16:57:32.225000,3,0.001753365,-0.15247082275684667,g
1787756252257,2026-08-26T16:57:32.257000,0,-0.000094831,93.45067509472062,g
1787756252325,2026-08-26T16:57:32.325000,3,0.001753394,-0.16681662909920397,g
1787756252358,2026-08-26T16:57:32.358000,0,-0.000094864,93.61518754874977,g
1787756252426,2026-08-26T16:57:32.426000,3,0.001753360,-0.15022907991619797,g
1787756252458,2026-08-26T16:57:32.458000,0,-0.000094838,93.48357657612374,g
1787756252526,2026-08-26T16:57:32.526000,3,0.001753408,-0.17309273886009935,g
1787756252558,2026-08-26T16:57:32.558000,0,-0.000094814,93.3660669593867,g
1787756252626,2026-08-26T16:57:32.626000,3,0.001753405,-0.1717482708003748,g
1787756252658,2026-08-26T16:57:32.658000,0,-0.000094830,93.44597632509551,g
1787756252726,2026-08-26T16:57:32.726000,3,0.001753372,-0.15605703365721993,g
1787756252759,2026-08-26T16:57:32.759000,0,-0.000094832,93.4553738643458,g
1787756252827,2026-08-26T16:57:32.827000,3,0.001753395,-0.16726478511918175,g
1787756252859,2026-08-26T16:57:32.859000,0,-0.000094822,93.40367225742851,g
1787756252927,2026-08-26T16:57:32.927000,3,0.001753368,-0.1542639282070333,g
1787756252959,2026-08-26T16:57:32.959000,0,-0.000094783,93.20625327498273,g
1787756253027,2026-08-26T16:57:33.027000,3,0.001753394,-0.16681662909920397,g
1787756253059,2026-08-26T16:57:33.059000,0,-0.000094828,93.43657373883163,g
1787756253127,2026-08-26T16:57:33.127000,3,0.001753401,-0.16995468397970384,g
1787756253160,2026-08-26T16:57:33.160000,0,-0.000094843,93.51177928790173,g
1787756253228,2026-08-26T16:57:33.228000,3,0.001753377,-0.15829877649776428,g
1787756253260,2026-08-26T16:57:33.260000,0,-0.000094805,93.31906412209466,g
1787756253328,2026-08-26T16:57:33.328000,3,0.001753378,-0.15874693251774205,g
1787756253360,2026-08-26T16:57:33.360000,0,-0.000094842,93.50708051827655,g
1787756253428,2026-08-26T16:57:33.428000,3,0.001753354,-0.1470910250358025,g
1787756253461,2026-08-26T16:57:33.461000,0,-0.000094823,93.40837102705369,g
1787756253528,2026-08-26T16:57:33.528000,3,0.001753398,-0.1686097345493906,g
1787756253562,2026-08-26T16:57:33.562000,0,-0.000094811,93.35196560349776,g
1787756253629,2026-08-26T16:57:33.629000,3,0.001753398,-0.1686097345493906,g
1787756253662,2026-08-26T16:57:33.662000,0,-0.000094816,93.37546954565059,g
1787756253729,2026-08-26T16:57:33.729000,3,0.001753362,-0.15112587332663782,g
1787756253763,2026-08-26T16:57:33.763000,0,-0.000094826,93.4271711525678,g
1787756253832,2026-08-26T16:57:33.832000,3,0.001753388,-0.1636785742188085,g
1787756253863,2026-08-26T16:57:33.863000,0,-0.000094832,93.4553738643458,g
1787756253932,2026-08-26T16:57:33.932000,3,0.001753392,-0.16547167966899512,g
1787756253963,2026-08-26T16:57:33.963000,0,-0.000094817,93.3801683152757,g
1787756254032,2026-08-26T16:57:34.032000,3,0.001753413,-0.17578263772062144,g
1787756254063,2026-08-26T16:57:34.063000,0,-0.000094824,93.41777361331752,g
1787756254135,2026-08-26T16:57:34.135000,3,0.001753367,-0.15381577218715994,g
1787756254164,2026-08-26T16:57:34.164000,0,-0.000094838,93.48357657612374,g
1787756254236,2026-08-26T16:57:34.236000,3,0.001753374,-0.15695382706755542,g
1787756254264,2026-08-26T16:57:34.264000,0,-0.000094797,93.27676005442765,g
1787756254336,2026-08-26T16:57:34.336000,3,0.001753410,-0.1744376882903082,g
1787756254364,2026-08-26T16:57:34.364000,0,-0.000094827,93.43187496920652,g
1787756254440,2026-08-26T16:57:34.440000,3,0.001753488,-0.21164763494715558,g
1787756254465,2026-08-26T16:57:34.465000,0,-0.000094870,93.64808903015287,g
1787756254540,2026-08-26T16:57:34.540000,3,0.001753256,-0.10001827634730652,g
1787756254565,2026-08-26T16:57:34.565000,0,-0.000094937,93.98652157148847,g
1787756254641,2026-08-26T16:57:34.641000,3,0.001753381,-0.1600918819479509,g
1787756254665,2026-08-26T16:57:34.665000,0,-0.000094811,93.34726683387258,g
1787756254741,2026-08-26T16:57:34.741000,3,0.001753455,-0.19595687917448504,g
1787756254766,2026-08-26T16:57:34.766000,0,-0.000094818,93.38486708490088,g
1787756254844,2026-08-26T16:57:34.844000,3,0.001753332,-0.1367795856136918,g
1787756254867,2026-08-26T16:57:34.867000,0,-0.000094868,93.63869149090259,g
1787756254944,2026-08-26T16:57:34.944000,3,0.001753464,-0.2004398834851938,g
1787756254967,2026-08-26T16:57:34.967000,0,-0.000094818,93.38486708490088,g
1787756255045,2026-08-26T16:57:35.045000,3,0.001753393,-0.1659198356888685,g
1787756255067,2026-08-26T16:57:35.067000,0,-0.000094833,93.46007263397091,g
1787756255145,2026-08-26T16:57:35.145000,3,0.001753392,-0.16547167966899512,g
1787756255168,2026-08-26T16:57:35.168000,0,-0.000094802,93.30496276620566,g
1787756255245,2026-08-26T16:57:35.245000,3,0.001753452,-0.1946119297441718,g
1787756255268,2026-08-26T16:57:35.268000,0,-0.000094823,93.40837102705369,g
1787756255345,2026-08-26T16:57:35.345000,3,0.001753422,-0.18026612340181453,g
1787756255368,2026-08-26T16:57:35.368000,0,-0.000094865,93.62459013501359,g
1787756255445,2026-08-26T16:57:35.445000,3,0.001753515,-0.22464897322978836,g
1787756255468,2026-08-26T16:57:35.468000,0,-0.000094810,93.34256301723387,g
1787756255546,2026-08-26T16:57:35.546000,3,0.001753197,-0.07177481968246531,g
1787756255568,2026-08-26T16:57:35.568000,0,-0.000080162,19.41471085321761,g
1787756255646,2026-08-26T16:57:35.646000,3,0.001753449,-0.19326698031396294,g
1787756255669,2026-08-26T16:57:35.669000,0,-0.000076375,0.3028918756013205,g
1787756255746,2026-08-26T16:57:35.746000,3,0.001753312,-0.12691678358193886,g
1787756255769,2026-08-26T16:57:35.769000,0,-0.000076368,0.26529162457310584,g
1787756255846,2026-08-26T16:57:35.846000,3,0.001753453,-0.19506008576414957,g
1787756255869,2026-08-26T16:57:35.869000,0,-0.000076358,0.2182887872809987,g
1787756255947,2026-08-26T16:57:35.947000,3,0.001753408,-0.17309273886009935,g
1787756255969,2026-08-26T16:57:35.969000,0,-0.000076371,0.2840917500872132,g
1787756256047,2026-08-26T16:57:36.047000,3,0.001753402,-0.17040332137016595,g
1787756256070,2026-08-26T16:57:36.070000,0,-0.000076368,0.26529162457310584,g
1787756256147,2026-08-26T16:57:36.147000,3,0.001753373,-0.15650567104768204,g
1787756256170,2026-08-26T16:57:36.170000,0,-0.000076379,0.321697048129037,g
1787756256247,2026-08-26T16:57:36.247000,3,0.001753328,-0.13498648016350517,g
1787756256270,2026-08-26T16:57:36.270000,0,-0.000076352,0.18538225886428242,g
1787756256348,2026-08-26T16:57:36.348000,3,0.001753305,-0.12377872870154338,g
1787756256370,2026-08-26T16:57:36.370000,0,-0.000076377,0.31229446186514453,g
1787756256448,2026-08-26T16:57:36.448000,3,0.001582794,81.95529543850853,g
1787756256471,2026-08-26T16:57:36.471000,0,-0.000076358,0.2182887872809987,g
1787756256548,2026-08-26T16:57:36.548000,3,0.001537659,103.6818058968643,g
1787756256571,2026-08-26T16:57:36.571000,0,-0.000076434,0.5990203492700444,g
1787756256648,2026-08-26T16:57:36.648000,3,0.001605029,71.25186294735391,g
1787756256671,2026-08-26T16:57:36.671000,0,-0.000076198,-0.5901822210027406,g
1787756256749,2026-08-26T16:57:36.749000,3,0.001587920,79.48778979086687,g
1787756256771,2026-08-26T16:57:36.771000,0,-0.000076346,0.15717954708635104,g
1787756256849,2026-08-26T16:57:36.849000,3,0.001083141,322.47340979168473,g
1787756256871,2026-08-26T16:57:36.871000,0,-0.000076083,-1.173031535062687,g
1787756256949,2026-08-26T16:57:36.949000,3,0.001752912,0.0654085780921872,g
1787756256972,2026-08-26T16:57:36.972000,0,-0.000076463,0.744732677785014,g
1787756257049,2026-08-26T16:57:37.049000,3,0.001753877,-0.39904183629069956,g
1787756257072,2026-08-26T16:57:37.072000,0,-0.000076318,0.01617103521002969,g
1787756257150,2026-08-26T16:57:37.150000,3,0.001753233,-0.0892586809052181,g
1787756257172,2026-08-26T16:57:37.172000,0,-0.000076355,0.20418743139199882,g
1787756257250,2026-08-26T16:57:37.250000,3,0.001753363,-0.1515740293465112,g
1787756257272,2026-08-26T16:57:37.272000,0,-0.000076343,0.14307819119735116,g
1787756257350,2026-08-26T16:57:37.350000,3,0.001753402,-0.17040332137016595,g
1787756257372,2026-08-26T16:57:37.372000,0,-0.000076368,0.26529162457310584,g
1787756257450,2026-08-26T16:57:37.450000,3,0.001753408,-0.17354137625056143,g
1787756257473,2026-08-26T16:57:37.473000,0,-0.000076359,0.2229875569061062,g
1787756257551,2026-08-26T16:57:37.551000,3,0.001739833,6.361492330198108,g
1787756257573,2026-08-26T16:57:37.573000,0,-0.000076346,0.15717954708635104,g
1787756257651,2026-08-26T16:57:37.651000,3,0.001565622,90.22125884413651,g
1787756257673,2026-08-26T16:57:37.673000,0,-0.000076418,0.5191109835612211,g
1787756257751,2026-08-26T16:57:37.751000,3,0.001514437,114.86044791647342,g
1787756257773,2026-08-26T16:57:37.773000,0,-0.000076334,0.09607535390524405,g
1787756257851,2026-08-26T16:57:37.851000,3,0.001567955,89.09823906687573,g
1787756257874,2026-08-26T16:57:37.874000,0,-0.000076446,0.6601245424510831,g
1787756257952,2026-08-26T16:57:37.952000,3,0.001557551,94.10632482467174,g
1787756257974,2026-08-26T16:57:37.974000,0,-0.000076365,0.25119026868410593,g
1787756258052,2026-08-26T16:57:38.052000,3,0.001558486,93.65622021663111,g
1787756258074,2026-08-26T16:57:38.074000,0,-0.000076388,0.36869988542114407,g
1787756258152,2026-08-26T16:57:38.152000,3,0.001562453,91.74686232472956,g
1787756258174,2026-08-26T16:57:38.174000,0,-0.000076386,0.35929729915725167,g
1787756258252,2026-08-26T16:57:38.252000,3,0.001557716,94.02697377102757,g
1787756258275,2026-08-26T16:57:38.275000,0,-0.000076333,0.09137658428013658,g
1787756258353,2026-08-26T16:57:38.353000,3,0.001560329,92.76901185746209,g
1787756258375,2026-08-26T16:57:38.375000,0,-0.000076371,0.2840917500872132,g
1787756258453,2026-08-26T16:57:38.453000,3,0.001561732,92.09385542677178,g
1787756258475,2026-08-26T16:57:38.475000,0,-0.000076377,0.31229446186514453,g
1787756258553,2026-08-26T16:57:38.553000,3,0.001559297,93.26618921419112,g
1787756258575,2026-08-26T16:57:38.575000,0,-0.000076384,0.3498997599069683,g
1787756258653,2026-08-26T16:57:38.653000,3,0.001560373,92.74794130396837,g
1787756258676,2026-08-26T16:57:38.676000,0,-0.000076379,0.321697048129037,g
1787756258753,2026-08-26T16:57:38.753000,3,0.001560878,92.50495650133479,g
1787756258776,2026-08-26T16:57:38.776000,0,-0.000076353,0.19008607550299897,g
1787756258854,2026-08-26T16:57:38.854000,3,0.001559328,93.25094661443842,g
1787756258876,2026-08-26T16:57:38.876000,0,-0.000076369,0.2746891638233892,g
1787756258954,2026-08-26T16:57:38.954000,3,0.001560266,92.79949705696758,g
1787756258978,2026-08-26T16:57:38.978000,0,-0.000076395,0.4063001364493588,g
1787756259054,2026-08-26T16:57:39.054000,3,0.001560675,92.60268869098275,g
1787756259078,2026-08-26T16:57:39.078000,0,-0.000076392,0.38750001093525144,g
1787756259154,2026-08-26T16:57:39.154000,3,0.001559753,93.0465167078919,g
1787756259179,2026-08-26T16:57:39.179000,0,-0.000076358,0.2182887872809987,g
1787756259255,2026-08-26T16:57:39.255000,3,0.001560418,92.72642259445479,g
1787756259279,2026-08-26T16:57:39.279000,0,-0.000076316,0.006768448946205677,g
1787756259355,2026-08-26T16:57:39.355000,3,0.001560405,92.7326987042157,g
1787756259380,2026-08-26T16:57:39.380000,0,-0.000076348,0.16658213335017505,g
1787756259455,2026-08-26T16:57:39.455000,3,0.001559942,92.95550974676588,g
1787756259480,2026-08-26T16:57:39.480000,0,-0.000076408,0.46740937664400645,g
1787756259555,2026-08-26T16:57:39.555000,3,0.001560282,92.79187599777647,g
1787756259581,2026-08-26T16:57:39.581000,0,-0.000076378,0.31699323149032044,g
1787756259656,2026-08-26T16:57:39.656000,3,0.001560350,92.75914905543034,g
1787756259681,2026-08-26T16:57:39.681000,0,-0.000076369,0.2746891638233892,g
1787756259756,2026-08-26T16:57:39.756000,3,0.001560102,92.87839995459179,g
1787756259782,2026-08-26T16:57:39.782000,0,-0.000076360,0.22768632653128207,g
1787756259856,2026-08-26T16:57:39.856000,3,0.001560208,92.82729235761255,g
1787756259882,2026-08-26T16:57:39.882000,0,-0.000076376,0.3075956922400371,g
1787756259956,2026-08-26T16:57:39.956000,3,0.001560086,92.88602149515347,g
1787756259983,2026-08-26T16:57:39.983000,0,-0.000076377,0.31229446186514453,g
1787756260057,2026-08-26T16:57:40.057000,3,0.001560211,92.82594740818224,g
1787756260083,2026-08-26T16:57:40.083000,0,-0.000076357,0.21358497064228218,g
1787756260158,2026-08-26T16:57:40.158000,3,0.001560342,92.76318390372117,g
1787756260185,2026-08-26T16:57:40.185000,0,-0.000076371,0.2840917500872132,g
1787756260258,2026-08-26T16:57:40.258000,3,0.001560119,92.87033025801021,g
1787756260285,2026-08-26T16:57:40.285000,0,-0.000076378,0.31699323149032044,g
1787756260358,2026-08-26T16:57:40.358000,3,0.001560254,92.80532549207909,g
1787756260386,2026-08-26T16:57:40.386000,0,-0.000076368,0.2699903941982133,g
1787756260459,2026-08-26T16:57:40.459000,3,0.001560273,92.79635900208719,g
1787756260486,2026-08-26T16:57:40.486000,0,-0.000076354,0.19478484512817482,g
1787756260559,2026-08-26T16:57:40.559000,3,0.001560114,92.87257200085087,g
1787756260586,2026-08-26T16:57:40.586000,0,-0.000076354,0.19478484512817482,g
1787756260659,2026-08-26T16:57:40.659000,3,0.001560249,92.80756675354915,g
1787756260687,2026-08-26T16:57:40.687000,0,-0.000076354,0.19478484512817482,g
1787756260759,2026-08-26T16:57:40.759000,3,0.001560207,92.82818915102288,g
1787756260787,2026-08-26T16:57:40.787000,0,-0.000076368,0.2699903941982133,g
1787756260860,2026-08-26T16:57:40.860000,3,0.001560188,92.8371551596442,g
1787756260887,2026-08-26T16:57:40.887000,0,-0.000076368,0.2699903941982133,g
1787756260960,2026-08-26T16:57:40.960000,3,0.001560227,92.81832634899123,g
1787756260987,2026-08-26T16:57:40.987000,0,-0.000076379,0.321697048129037,g
1787756261060,2026-08-26T16:57:41.060000,3,0.001560178,92.84208680134537,g
1787756261087,2026-08-26T16:57:41.087000,0,-0.000076352,0.18538225886428242,g
1787756261160,2026-08-26T16:57:41.160000,3,0.001560190,92.83625884760446,g
1787756261188,2026-08-26T16:57:41.188000,0,-0.000076347,0.1618833637250676,g
1787756261261,2026-08-26T16:57:41.261000,3,0.001560224,92.81967129842144,g
1787756261288,2026-08-26T16:57:41.288000,0,-0.000076400,0.42980407860218267,g
1787756261361,2026-08-26T16:57:41.361000,3,0.001560212,92.82549925216236,g
1787756261388,2026-08-26T16:57:41.388000,0,-0.000076354,0.19478484512817482,g
1787756261461,2026-08-26T16:57:41.461000,3,0.001560228,92.81787819297126,g
1787756261489,2026-08-26T16:57:41.489000,0,-0.000076385,0.3545985295321442,g
1787756261561,2026-08-26T16:57:41.561000,3,0.001560183,92.83939690248485,g
1787756261589,2026-08-26T16:57:41.589000,0,-0.000076368,0.26529162457310584,g
1787756261662,2026-08-26T16:57:41.662000,3,0.001560185,92.83850010907452,g
1787756261689,2026-08-26T16:57:41.689000,0,-0.000076356,0.2088862010171747,g
1787756261762,2026-08-26T16:57:41.762000,3,0.001560183,92.83939690248485,g
1787756261789,2026-08-26T16:57:41.789000,0,-0.000076368,0.26529162457310584,g
1787756261862,2026-08-26T16:57:41.862000,3,0.001560232,92.8160846061506,g
1787756261890,2026-08-26T16:57:41.890000,0,-0.000076366,0.25588903830921345,g
1787756261962,2026-08-26T16:57:41.962000,3,0.001560219,92.82236119728196,g
1787756261990,2026-08-26T16:57:41.990000,0,-0.000076382,0.3404971736431443,g
1787756262063,2026-08-26T16:57:42.063000,3,0.001560229,92.8174295555808,g
1787756262090,2026-08-26T16:57:42.090000,0,-0.000076341,0.13368065194706782,g
1787756262163,2026-08-26T16:57:42.163000,3,0.001560220,92.8219125598915,g
1787756262190,2026-08-26T16:57:42.190000,0,-0.000076354,0.19478484512817482,g
1787756262263,2026-08-26T16:57:42.263000,3,0.001560207,92.82818915102288,g
1787756262291,2026-08-26T16:57:42.291000,0,-0.000076319,0.02086980483520556,g
1787756262363,2026-08-26T16:57:42.363000,3,0.001560234,92.81473965672028,g
1787756262391,2026-08-26T16:57:42.391000,0,-0.000076375,0.3028918756013205,g
1787756262463,2026-08-26T16:57:42.463000,3,0.001560183,92.83939690248485,g
1787756262491,2026-08-26T16:57:42.491000,0,-0.000076376,0.3075956922400371,g
1787756262564,2026-08-26T16:57:42.564000,3,0.001560189,92.83670700362433,g
1787756262592,2026-08-26T16:57:42.592000,0,-0.000076350,0.17598471961399909,g
1787756262664,2026-08-26T16:57:42.664000,3,0.001560218,92.82280935330185,g
1787756262692,2026-08-26T16:57:42.692000,0,-0.000076353,0.19008607550299897,g
1787756262764,2026-08-26T16:57:42.764000,3,0.001555765,94.96618555784508,g
1787756262792,2026-08-26T16:57:42.792000,0,-0.000076360,0.22768632653128207,g
1787756262864,2026-08-26T16:57:42.864000,3,0.001568438,88.86556570366437,g
1787756262892,2026-08-26T16:57:42.892000,0,-0.000076385,0.3545985295321442,g
1787756262965,2026-08-26T16:57:42.965000,3,0.001557960,93.90951597731632,g
1787756262993,2026-08-26T16:57:42.993000,0,-0.000076370,0.2793929804620373,g
1787756263065,2026-08-26T16:57:43.065000,3,0.001549037,98.2047867203747,g
1787756263093,2026-08-26T16:57:43.093000,0,-0.000076380,0.32639581775414445,g
1787756263165,2026-08-26T16:57:43.165000,3,0.001565437,90.31047269981234,g
1787756263193,2026-08-26T16:57:43.193000,0,-0.000076392,0.38750001093525144,g
1787756263265,2026-08-26T16:57:43.265000,3,0.001581923,82.37446620965311,g
1787756263294,2026-08-26T16:57:43.294000,0,-0.000076395,0.4063001364493588,g
1787756263366,2026-08-26T16:57:43.366000,3,0.001591936,77.55467144661108,g
1787756263394,2026-08-26T16:57:43.394000,0,-0.000076357,0.21358497064228218,g
1787756263466,2026-08-26T16:57:43.466000,3,0.001597964,74.65275242807215,g
1787756263494,2026-08-26T16:57:43.494000,0,-0.000076393,0.392203827573968,g
1787756263566,2026-08-26T16:57:43.566000,3,0.001719081,16.3507648571849,g
1787756263594,2026-08-26T16:57:43.594000,0,-0.000076349,0.17128090297535092,g
1787756263667,2026-08-26T16:57:43.667000,3,0.001753595,-0.2632033879462559,g
1787756263695,2026-08-26T16:57:43.695000,0,-0.000076354,0.1994836147532823,g
1787756263767,2026-08-26T16:57:43.767000,3,0.001753428,-0.18295602226233662,g
1787756263795,2026-08-26T16:57:43.795000,0,-0.000076376,0.3075956922400371,g
1787756263867,2026-08-26T16:57:43.867000,3,0.001753339,-0.13991812186467603,g
1787756263895,2026-08-26T16:57:43.895000,0,-0.000076355,0.20418743139199882,g
1787756263967,2026-08-26T16:57:43.967000,3,0.001753348,-0.14440112617528036,g
1787756263996,2026-08-26T16:57:43.996000,0,-0.000076350,0.17598471961399909,g
1787756264068,2026-08-26T16:57:44.068000,3,0.001753389,-0.16412673023868188,g
1787756264096,2026-08-26T16:57:44.096000,0,-0.000076383,0.3451959432683202,g
1787756264168,2026-08-26T16:57:44.168000,3,0.001753402,-0.17040332137016595,g
1787756264196,2026-08-26T16:57:44.196000,0,-0.000076348,0.16658213335017505,g
1787756264268,2026-08-26T16:57:44.268000,3,0.001753414,-0.17623127511108355,g
1787756264297,2026-08-26T16:57:44.297000,0,-0.000076362,0.23708891279510608,g
1787756264369,2026-08-26T16:57:44.369000,3,0.001753394,-0.16636847307933061,g
1787756264397,2026-08-26T16:57:44.397000,0,-0.000076350,0.17598471961399909,g
1787756264469,2026-08-26T16:57:44.469000,3,0.001753368,-0.1542639282070333,g
1787756264498,2026-08-26T16:57:44.498000,0,-0.000076371,0.2840917500872132,g
1787756264569,2026-08-26T16:57:44.569000,3,0.001753404,-0.17129963340991272,g
1787756264598,2026-08-26T16:57:44.598000,0,-0.000076341,0.12897683530835127,g
1787756264669,2026-08-26T16:57:44.669000,3,0.001753402,-0.17040332137016595,g
1787756264698,2026-08-26T16:57:44.698000,0,-0.000076367,0.2605878079343893,g
1787756264770,2026-08-26T16:57:44.770000,3,0.001753340,-0.1403662778845494,g
1787756264799,2026-08-26T16:57:44.799000,0,-0.000076354,0.19478484512817482,g
1787756264870,2026-08-26T16:57:44.870000,3,0.001753344,-0.14260802072519813,g
1787756264899,2026-08-26T16:57:44.899000,0,-0.000076396,0.41100395308807536,g
1787756264970,2026-08-26T16:57:44.970000,3,0.001753341,-0.14126307129488488,g
1787756265000,2026-08-26T16:57:45,0,-0.000076353,0.19008607550299897,g
1787756265070,2026-08-26T16:57:45.070000,3,0.001753381,-0.1600918819479509,g
1787756265100,2026-08-26T16:57:45.100000,0,-0.000076340,0.12427806568324382,g
1787756265171,2026-08-26T16:57:45.171000,3,0.001753389,-0.16412673023868188,g
1787756265200,2026-08-26T16:57:45.200000,0,-0.000076375,0.3028918756013205,g
1787756265271,2026-08-26T16:57:45.271000,3,0.001753333,-0.1372282230041539,g
1787756265300,2026-08-26T16:57:45.300000,0,-0.000076387,0.3640011157959682,g
1787756265371,2026-08-26T16:57:45.371000,3,0.001753368,-0.1542639282070333,g
1787756265401,2026-08-26T16:57:45.401000,0,-0.000076355,0.20418743139199882,g
1787756265471,2026-08-26T16:57:45.471000,3,0.001753363,-0.1515740293465112,g
1787756265501,2026-08-26T16:57:45.501000,0,-0.000076333,0.09137658428013658,g
1787756265572,2026-08-26T16:57:45.572000,3,0.001753385,-0.16233362478859964,g
1787756265601,2026-08-26T16:57:45.601000,0,-0.000076374,0.29819310597621307,g
1787756265672,2026-08-26T16:57:45.672000,3,0.001753359,-0.14978092389632458,g
1787756265702,2026-08-26T16:57:45.702000,0,-0.000076384,0.3498997599069683,g
1787756265772,2026-08-26T16:57:45.772000,3,0.001753368,-0.1542639282070333,g
1787756265802,2026-08-26T16:57:45.802000,0,-0.000076368,0.26529162457310584,g
1787756265872,2026-08-26T16:57:45.872000,3,0.001753388,-0.1636785742188085,g
1787756265902,2026-08-26T16:57:45.902000,0,-0.000076336,0.10547794016913646,g
1787756265973,2026-08-26T16:57:45.973000,3,0.001753354,-0.14753918105567584,g
1787756266003,2026-08-26T16:57:46.003000,0,-0.000076349,0.17128090297535092,g
1787756266073,2026-08-26T16:57:46.073000,3,0.001753389,-0.16412673023868188,g
1787756266103,2026-08-26T16:57:46.103000,0,-0.000076374,0.29819310597621307,g
1787756266173,2026-08-26T16:57:46.173000,3,0.001752316,0.35232807453387166,g
1787756266203,2026-08-26T16:57:46.203000,0,-0.000091752,77.91115755053411,g
1787756266273,2026-08-26T16:57:46.273000,3,0.001753795,-0.35959062816389653,g
1787756266303,2026-08-26T16:57:46.303000,0,-0.000094904,93.81730530082066,g
1787756266374,2026-08-26T16:57:46.374000,3,0.001753499,-0.2170274326681998,g
1787756266404,2026-08-26T16:57:46.404000,0,-0.000095100,94.8090888886476,g
1787756266474,2026-08-26T16:57:46.474000,3,0.001753238,-0.09150042374586682,g
1787756266504,2026-08-26T16:57:46.504000,0,-0.000094958,94.08992983233651,g
1787756266574,2026-08-26T16:57:46.574000,3,0.001753379,-0.15919508853761544,g
1787756266604,2026-08-26T16:57:46.604000,0,-0.000094752,93.05113836020394,g
1787756266674,2026-08-26T16:57:46.674000,3,0.001753409,-0.17398953227043482,g
1787756266704,2026-08-26T16:57:46.704000,0,-0.000094810,93.34256301723387,g
1787756266774,2026-08-26T16:57:46.774000,3,0.001753389,-0.16412673023868188,g
1787756266805,2026-08-26T16:57:46.805000,0,-0.000094843,93.51177928790173,g
1787756266875,2026-08-26T16:57:46.875000,3,0.001753336,-0.13857317243436276,g
1787756266905,2026-08-26T16:57:46.905000,0,-0.000094833,93.46007263397091,g
1787756266975,2026-08-26T16:57:46.975000,3,0.001753388,-0.1636785742188085,g
1787756267005,2026-08-26T16:57:47.005000,0,-0.000094823,93.40837102705369,g
1787756267075,2026-08-26T16:57:47.075000,3,0.001753366,-0.15291897877672006,g
1787756267105,2026-08-26T16:57:47.105000,0,-0.000094800,93.29556017994176,g
1787756267175,2026-08-26T16:57:47.175000,3,0.001753388,-0.1636785742188085,g
1787756267206,2026-08-26T16:57:47.206000,0,-0.000094825,93.42247238294263,g
1787756267276,2026-08-26T16:57:47.276000,3,0.001753354,-0.1470910250358025,g
1787756267306,2026-08-26T16:57:47.306000,0,-0.000094869,93.6433902605277,g
1787756267376,2026-08-26T16:57:47.376000,3,0.001753367,-0.15336713479669783,g
1787756267406,2026-08-26T16:57:47.406000,0,-0.000094820,93.3942696711647,g
1787756267476,2026-08-26T16:57:47.476000,3,0.001753385,-0.16233362478859964,g
1787756267506,2026-08-26T16:57:47.506000,0,-0.000094814,93.3660669593867,g
1787756267576,2026-08-26T16:57:47.576000,3,0.001753394,-0.16681662909920397,g
1787756267606,2026-08-26T16:57:47.606000,0,-0.000094838,93.48357657612374,g
1787756267677,2026-08-26T16:57:47.677000,3,0.001753354,-0.14753918105567584,g
1787756267707,2026-08-26T16:57:47.707000,0,-0.000094802,93.30496276620566,g
1787756267777,2026-08-26T16:57:47.777000,3,0.001753394,-0.16636847307933061,g
1787756267807,2026-08-26T16:57:47.807000,0,-0.000094839,93.49297916238756,g
1787756267877,2026-08-26T16:57:47.877000,3,0.001753354,-0.1470910250358025,g
1787756267908,2026-08-26T16:57:47.908000,0,-0.000094802,93.30496276620566,g
1787756267977,2026-08-26T16:57:47.977000,3,0.001753427,-0.1825073848718745,g
1787756268008,2026-08-26T16:57:48.008000,0,-0.000094844,93.51647805752684,g
1787756268078,2026-08-26T16:57:48.078000,3,0.001753415,-0.17667943113095694,g
1787756268108,2026-08-26T16:57:48.108000,0,-0.000094835,93.46947522023473,g
1787756268178,2026-08-26T16:57:48.178000,3,0.001753374,-0.15695382706755542,g
1787756268208,2026-08-26T16:57:48.208000,0,-0.000094834,93.46477645060962,g
1787756268278,2026-08-26T16:57:48.278000,3,0.001753410,-0.1744376882903082,g
1787756268309,2026-08-26T16:57:48.309000,0,-0.000094833,93.46007263397091,g
1787756268378,2026-08-26T16:57:48.378000,3,0.001753369,-0.1547120842269067,g
1787756268409,2026-08-26T16:57:48.409000,0,-0.000094842,93.50708051827655,g
1787756268478,2026-08-26T16:57:48.478000,3,0.001753386,-0.16278178080847303,g
1787756268509,2026-08-26T16:57:48.509000,0,-0.000094825,93.42247238294263,g
1787756268579,2026-08-26T16:57:48.579000,3,0.001753414,-0.17623127511108355,g
1787756268609,2026-08-26T16:57:48.609000,0,-0.000094831,93.45067509472062,g
1787756268679,2026-08-26T16:57:48.679000,3,0.001753380,-0.15964372592807752,g
1787756268709,2026-08-26T16:57:48.709000,0,-0.000094785,93.22035463087173,g
1787756268779,2026-08-26T16:57:48.779000,3,0.001753381,-0.1605400379678243,g
1787756268810,2026-08-26T16:57:48.810000,0,-0.000094851,93.54938458594349,g
1787756268879,2026-08-26T16:57:48.879000,3,0.001753357,-0.14888413048598909,g
1787756268910,2026-08-26T16:57:48.910000,0,-0.000094816,93.37546954565059,g
1787756268980,2026-08-26T16:57:48.980000,3,0.001753392,-0.16547167966899512,g
1787756269010,2026-08-26T16:57:49.010000,0,-0.000094803,93.30966153583076,g
1787756269080,2026-08-26T16:57:49.080000,3,0.001753362,-0.15112587332663782,g
1787756269110,2026-08-26T16:57:49.110000,0,-0.000094851,93.55408335556866,g
1787756269180,2026-08-26T16:57:49.180000,3,0.001753391,-0.16502352364912173,g
1787756269211,2026-08-26T16:57:49.211000,0,-0.000094832,93.4553738643458,g
1787756269280,2026-08-26T16:57:49.280000,3,0.001753371,-0.15560887763724218,g
1787756269311,2026-08-26T16:57:49.311000,0,-0.000094809,93.33786424760876,g
1787756269381,2026-08-26T16:57:49.381000,3,0.001753416,-0.1771275871508303,g
1787756269411,2026-08-26T16:57:49.411000,0,-0.000094845,93.52118187416555,g
1787756269481,2026-08-26T16:57:49.481000,3,0.001753373,-0.15650567104768204,g
1787756269511,2026-08-26T16:57:49.511000,0,-0.000094845,93.52118187416555,g
1787756269581,2026-08-26T16:57:49.581000,3,0.001753401,-0.16995468397970384,g
1787756269612,2026-08-26T16:57:49.612000,0,-0.000094829,93.4412725084568,g
1787756269681,2026-08-26T16:57:49.681000,3,0.001753389,-0.16412673023868188,g
1787756269712,2026-08-26T16:57:49.712000,0,-0.000094806,93.32376289171977,g
1787756269782,2026-08-26T16:57:49.782000,3,0.001753355,-0.14798733707565362,g
1787756269812,2026-08-26T16:57:49.812000,0,-0.000094855,93.57288348108277,g
1787756269882,2026-08-26T16:57:49.882000,3,0.001753431,-0.18430097169264986,g
1787756269912,2026-08-26T16:57:49.912000,0,-0.000094832,93.4553738643458,g
1787756269982,2026-08-26T16:57:49.982000,3,0.001753400,-0.1695065279597261,g
1787756270012,2026-08-26T16:57:50.012000,0,-0.000094824,93.41777361331752,g
1787756270082,2026-08-26T16:57:50.082000,3,0.001753374,-0.15695382706755542,g
1787756270113,2026-08-26T16:57:50.113000,0,-0.000094829,93.4412725084568,g
1787756270183,2026-08-26T16:57:50.183000,3,0.001753391,-0.16502352364912173,g
1787756270213,2026-08-26T16:57:50.213000,0,-0.000094818,93.38486708490088,g
1787756270283,2026-08-26T16:57:50.283000,3,0.001753352,-0.146194231625467,g
1787756270313,2026-08-26T16:57:50.313000,0,-0.000094815,93.37076572901186,g
1787756270383,2026-08-26T16:57:50.383000,3,0.001753384,-0.16188498739813753,g
1787756270413,2026-08-26T16:57:50.413000,0,-0.000094825,93.42247238294263,g
1787756270483,2026-08-26T16:57:50.483000,3,0.001753397,-0.1681615785295172,g
1787756270514,2026-08-26T16:57:50.514000,0,-0.000094808,93.33316547798358,g
1787756270584,2026-08-26T16:57:50.584000,3,0.001753354,-0.1470910250358025,g
1787756270614,2026-08-26T16:57:50.614000,0,-0.000094843,93.51177928790173,g
1787756270687,2026-08-26T16:57:50.687000,3,0.001753374,-0.15695382706755542,g
1787756270716,2026-08-26T16:57:50.716000,0,-0.000094822,93.40367225742851,g
1787756270788,2026-08-26T16:57:50.788000,3,0.001753356,-0.14843597446611573,g
1787756270816,2026-08-26T16:57:50.816000,0,-0.000094809,93.33786424760876,g
1787756270888,2026-08-26T16:57:50.888000,3,0.001753377,-0.15829877649776428,g
1787756270916,2026-08-26T16:57:50.916000,0,-0.000094809,93.33786424760876,g
1787756270988,2026-08-26T16:57:50.988000,3,0.001753392,-0.16547167966899512,g
1787756271017,2026-08-26T16:57:51.017000,0,-0.000094842,93.50708051827655,g
1787756271089,2026-08-26T16:57:51.089000,3,0.001753399,-0.1690583719398527,g
1787756271117,2026-08-26T16:57:51.117000,0,-0.000094804,93.31436030545593,g
1787756271189,2026-08-26T16:57:51.189000,3,0.001753376,-0.1578506204778909,g
1787756271217,2026-08-26T16:57:51.217000,0,-0.000094847,93.53057941341584,g
1787756271289,2026-08-26T16:57:51.289000,3,0.001753371,-0.15560887763724218,g
1787756271317,2026-08-26T16:57:51.317000,0,-0.000094838,93.4882753457489,g
1787756271389,2026-08-26T16:57:51.389000,3,0.001753421,-0.17981748601135242,g
1787756271417,2026-08-26T16:57:51.417000,0,-0.000094820,93.3942696711647,g
1787756271490,2026-08-26T16:57:51.490000,3,0.001753368,-0.1542639282070333,g
1787756271518,2026-08-26T16:57:51.518000,0,-0.000094828,93.43657373883163,g
1787756271591,2026-08-26T16:57:51.591000,3,0.001753385,-0.16233362478859964,g
1787756271618,2026-08-26T16:57:51.618000,0,-0.000094839,93.49297916238756,g
1787756271691,2026-08-26T16:57:51.691000,3,0.001753367,-0.15336713479669783,g
1787756271718,2026-08-26T16:57:51.718000,0,-0.000094812,93.35666437312287,g
1787756271791,2026-08-26T16:57:51.791000,3,0.001753381,-0.1605400379678243,g
1787756271818,2026-08-26T16:57:51.818000,0,-0.000094811,93.35196560349776,g
1787756271891,2026-08-26T16:57:51.891000,3,0.001753392,-0.16547167966899512,g
1787756271919,2026-08-26T16:57:51.919000,0,-0.000094837,93.47887780649863,g
1787756271992,2026-08-26T16:57:51.992000,3,0.001753381,-0.1600918819479509,g
1787756272019,2026-08-26T16:57:52.019000,0,-0.000094824,93.41777361331752,g
1787756272092,2026-08-26T16:57:52.092000,3,0.001753383,-0.16143683137826415,g
1787756272119,2026-08-26T16:57:52.119000,0,-0.000094846,93.52588064379066,g
1787756272192,2026-08-26T16:57:52.192000,3,0.001753381,-0.1605400379678243,g
1787756272219,2026-08-26T16:57:52.219000,0,-0.000094840,93.49767793201273,g
1787756272292,2026-08-26T16:57:52.292000,3,0.001753401,-0.16995468397970384,g
1787756272320,2026-08-26T16:57:52.320000,0,-0.000094809,93.33786424760876,g
1787756272393,2026-08-26T16:57:52.393000,3,0.001753394,-0.16636847307933061,g
1787756272420,2026-08-26T16:57:52.420000,0,-0.000094840,93.49767793201273,g
1787756272493,2026-08-26T16:57:52.493000,3,0.001753369,-0.1547120842269067,g
1787756272520,2026-08-26T16:57:52.520000,0,-0.000094808,93.33316547798358,g
1787756272593,2026-08-26T16:57:52.593000,3,0.001753380,-0.15964372592807752,g
1787756272620,2026-08-26T16:57:52.620000,0,-0.000094840,93.49767793201273,g
1787756272694,2026-08-26T16:57:52.694000,3,0.001753344,-0.14260802072519813,g
1787756272720,2026-08-26T16:57:52.720000,0,-0.000094821,93.3989684407898,g
1787756272795,2026-08-26T16:57:52.795000,3,0.001753396,-0.16771342250964386,g
1787756272821,2026-08-26T16:57:52.821000,0,-0.000094806,93.32376289171977,g
1787756272895,2026-08-26T16:57:52.895000,3,0.001753395,-0.16726478511918175,g
1787756272921,2026-08-26T16:57:52.921000,0,-0.000094801,93.30026399658048,g
1787756272995,2026-08-26T16:57:52.995000,3,0.001753341,-0.14126307129488488,g
1787756273021,2026-08-26T16:57:53.021000,0,-0.000094810,93.34256301723387,g
1787756273095,2026-08-26T16:57:53.095000,3,0.001753402,-0.17040332137016595,g
1787756273121,2026-08-26T16:57:53.121000,0,-0.000094841,93.50237670163784,g
1787756273196,2026-08-26T16:57:53.196000,3,0.001753364,-0.1520221853663846,g
1787756273222,2026-08-26T16:57:53.222000,0,-0.000094806,93.32376289171977,g
1787756273296,2026-08-26T16:57:53.296000,3,0.001753404,-0.17129963340991272,g
1787756273323,2026-08-26T16:57:53.323000,0,-0.000094821,93.3989684407898,g
1787756273396,2026-08-26T16:57:53.396000,3,0.001753364,-0.1520221853663846,g
1787756273423,2026-08-26T16:57:53.423000,0,-0.000094820,93.3942696711647,g
1787756273496,2026-08-26T16:57:53.496000,3,0.001753385,-0.16233362478859964,g
1787756273523,2026-08-26T16:57:53.523000,0,-0.000094837,93.47887780649863,g
1787756273597,2026-08-26T16:57:53.597000,3,0.001753390,-0.16457488625865963,g
1787756273623,2026-08-26T16:57:53.623000,0,-0.000094864,93.61518754874977,g
1787756273697,2026-08-26T16:57:53.697000,3,0.001753426,-0.18205922885200113,g
1787756273724,2026-08-26T16:57:53.724000,0,-0.000094824,93.41777361331752,g
1787756273797,2026-08-26T16:57:53.797000,3,0.001753406,-0.1721964268202482,g
1787756273824,2026-08-26T16:57:53.824000,0,-0.000094825,93.42247238294263,g
1787756273898,2026-08-26T16:57:53.898000,3,0.001753400,-0.1695065279597261,g
1787756273924,2026-08-26T16:57:53.924000,0,-0.000094836,93.4741739898599,g
1787756274000,2026-08-26T16:57:54,3,0.001753410,-0.1744376882903082,g
1787756274024,2026-08-26T16:57:54.024000,0,-0.000094839,93.49297916238756,g
1787756274100,2026-08-26T16:57:54.100000,3,0.001753341,-0.14126307129488488,g
1787756274125,2026-08-26T16:57:54.125000,0,-0.000094816,93.37546954565059,g
1787756274200,2026-08-26T16:57:54.200000,3,0.001753395,-0.16726478511918175,g
1787756274225,2026-08-26T16:57:54.225000,0,-0.000094826,93.4271711525678,g
1787756274301,2026-08-26T16:57:54.301000,3,0.001753417,-0.1775762245412924,g
1787756274325,2026-08-26T16:57:54.325000,0,-0.000094814,93.3660669593867,g
1787756274401,2026-08-26T16:57:54.401000,3,0.001753396,-0.16771342250964386,g
1787756274426,2026-08-26T16:57:54.426000,0,-0.000094854,93.56818471145766,g
1787756274501,2026-08-26T16:57:54.501000,3,0.001753393,-0.1659198356888685,g
1787756274527,2026-08-26T16:57:54.527000,0,-0.000094817,93.3801683152757,g
1787756274602,2026-08-26T16:57:54.602000,3,0.001753385,-0.16233362478859964,g
1787756274627,2026-08-26T16:57:54.627000,0,-0.000094836,93.4741739898599,g
1787756274704,2026-08-26T16:57:54.704000,3,0.001753384,-0.16188498739813753,g
1787756274727,2026-08-26T16:57:54.727000,0,-0.000094780,93.19215191909379,g
1787756274805,2026-08-26T16:57:54.805000,3,0.001753405,-0.1717482708003748,g
1787756274828,2026-08-26T16:57:54.828000,0,-0.000094831,93.45067509472062,g
1787756274905,2026-08-26T16:57:54.905000,3,0.001753376,-0.1578506204778909,g
1787756274928,2026-08-26T16:57:54.928000,0,-0.000094808,93.33316547798358,g
1787756275006,2026-08-26T16:57:55.006000,3,0.001753379,-0.15919508853761544,g
1787756275029,2026-08-26T16:57:55.029000,0,-0.000094826,93.4271711525678,g
1787756275106,2026-08-26T16:57:55.106000,3,0.001753392,-0.16547167966899512,g
1787756275129,2026-08-26T16:57:55.129000,0,-0.000094785,93.22035463087173,g
1787756275206,2026-08-26T16:57:55.206000,3,0.001753419,-0.17847253658114354,g
1787756275229,2026-08-26T16:57:55.229000,0,-0.000094805,93.31906412209466,g
1787756275307,2026-08-26T16:57:55.307000,3,0.001753398,-0.1686097345493906,g
1787756275330,2026-08-26T16:57:55.330000,0,-0.000094819,93.38957090153951,g
1787756275407,2026-08-26T16:57:55.407000,3,0.001753375,-0.1574019830874288,g
1787756275430,2026-08-26T16:57:55.430000,0,-0.000094814,93.3660669593867,g
1787756275507,2026-08-26T16:57:55.507000,3,0.001753370,-0.1551607216173688,g
1787756275530,2026-08-26T16:57:55.530000,0,-0.000094853,93.56348594183248,g
1787756275607,2026-08-26T16:57:55.607000,3,0.001753374,-0.15695382706755542,g
1787756275630,2026-08-26T16:57:55.630000,0,-0.000094835,93.46947522023473,g
1787756275708,2026-08-26T16:57:55.708000,3,0.001753415,-0.17667943113095694,g
1787756275731,2026-08-26T16:57:55.731000,0,-0.000094816,93.37546954565059,g
1787756275808,2026-08-26T16:57:55.808000,3,0.001753392,-0.16547167966899512,g
1787756275831,2026-08-26T16:57:55.831000,0,-0.000095684,97.7562369403505,g
1787756275908,2026-08-26T16:57:55.908000,3,0.001753363,-0.1515740293465112,g
1787756275932,2026-08-26T16:57:55.932000,0,-0.000094784,93.21565586124662,g
1787756276008,2026-08-26T16:57:56.008000,3,0.001753382,-0.1609886753582864,g
1787756276032,2026-08-26T16:57:56.032000,0,-0.000094808,93.33316547798358,g
1787756276109,2026-08-26T16:57:56.109000,3,0.001753404,-0.17129963340991272,g
1787756276132,2026-08-26T16:57:56.132000,0,-0.000094857,93.58228606734666,g
1787756276209,2026-08-26T16:57:56.209000,3,0.001753190,-0.06818812741160772,g
1787756276233,2026-08-26T16:57:56.233000,0,-0.000086652,52.17178205731199,g
1787756276309,2026-08-26T16:57:56.309000,3,0.001753265,-0.10450128065801526,g
1787756276333,2026-08-26T16:57:56.333000,0,-0.000076363,0.24178768242028195,g
1787756276410,2026-08-26T16:57:56.410000,3,0.001753367,-0.15336713479669783,g
1787756276433,2026-08-26T16:57:56.433000,0,-0.000076372,0.28879051971232067,g
1787756276510,2026-08-26T16:57:56.510000,3,0.001753388,-0.1636785742188085,g
1787756276533,2026-08-26T16:57:56.533000,0,-0.000076346,0.15717954708635104,g
1787756276610,2026-08-26T16:57:56.610000,3,0.001753423,-0.18071427942168788,g
1787756276634,2026-08-26T16:57:56.634000,0,-0.000076341,0.12897683530835127,g
1787756276710,2026-08-26T16:57:56.710000,3,0.001753367,-0.15381577218715994,g
1787756276734,2026-08-26T16:57:56.734000,0,-0.000076347,0.1618833637250676,g
1787756276811,2026-08-26T16:57:56.811000,3,0.001753392,-0.16547167966899512,g
1787756276834,2026-08-26T16:57:56.834000,0,-0.000076373,0.2934943363510372,g
1787756276911,2026-08-26T16:57:56.911000,3,0.001753396,-0.16771342250964386,g
1787756276934,2026-08-26T16:57:56.934000,0,-0.000076368,0.26529162457310584,g
1787756277011,2026-08-26T16:57:57.011000,3,0.001650248,49.485004487460884,g
1787756277035,2026-08-26T16:57:57.035000,0,-0.000076361,0.2323901431699986,g
1787756277112,2026-08-26T16:57:57.112000,3,0.001685901,32.32275128862127,g
1787756277135,2026-08-26T16:57:57.135000,0,-0.000076463,0.744732677785014,g
1787756277212,2026-08-26T16:57:57.212000,3,0.001583436,81.6464085951628,g
1787756277235,2026-08-26T16:57:57.235000,0,-0.000076350,0.17598471961399909,g
1787756277312,2026-08-26T16:57:57.312000,3,0.001510035,116.97916687525208,g
1787756277335,2026-08-26T16:57:57.335000,0,-0.000076302,-0.06373833049872533,g
1787756277412,2026-08-26T16:57:57.412000,3,0.001599032,74.13853936614015,g
1787756277435,2026-08-26T16:57:57.435000,0,-0.000076353,0.19008607550299897,g
1787756277513,2026-08-26T16:57:57.513000,3,0.001558483,93.65801332208129,g
1787756277536,2026-08-26T16:57:57.536000,0,-0.000076397,0.4157027227131828,g
1787756277613,2026-08-26T16:57:57.613000,3,0.001562745,91.60609271605453,g
1787756277636,2026-08-26T16:57:57.636000,0,-0.000076329,0.07257645876602922,g
1787756277713,2026-08-26T16:57:57.713000,3,0.001559238,93.29443267085595,g
1787756277736,2026-08-26T16:57:57.736000,0,-0.000076372,0.28879051971232067,g
1787756277813,2026-08-26T16:57:57.813000,3,0.001561517,92.19741508878997,g
1787756277836,2026-08-26T16:57:57.836000,0,-0.000076347,0.1618833637250676,g
1787756277914,2026-08-26T16:57:57.914000,3,0.001560609,92.63451883991844,g
1787756277937,2026-08-26T16:57:57.937000,0,-0.000076355,0.20418743139199882,g
1787756278014,2026-08-26T16:57:58.014000,3,0.001559586,93.1267645549464,g
1787756278037,2026-08-26T16:57:58.037000,0,-0.000076349,0.17128090297535092,g
1787756278114,2026-08-26T16:57:58.114000,3,0.001560635,92.62196613902627,g
1787756278137,2026-08-26T16:57:58.137000,0,-0.000076332,0.0866778146549607,g
1787756278215,2026-08-26T16:57:58.215000,3,0.001560930,92.47985109955034,g
1787756278237,2026-08-26T16:57:58.237000,0,-0.000076354,0.19478484512817482,g
1787756278315,2026-08-26T16:57:58.315000,3,0.001560072,92.89274576093413,g
1787756278337,2026-08-26T16:57:58.337000,0,-0.000076403,0.4439054344911826,g
1787756278415,2026-08-26T16:57:58.415000,3,0.001559586,93.1267645549464,g
1787756278438,2026-08-26T16:57:58.438000,0,-0.000076341,0.12897683530835127,g
1787756278516,2026-08-26T16:57:58.516000,3,0.001559982,92.93623229872236,g
1787756278538,2026-08-26T16:57:58.538000,0,-0.000076329,0.07257645876602922,g
1787756278616,2026-08-26T16:57:58.616000,3,0.001560396,92.7371817085263,g
1787756278638,2026-08-26T16:57:58.638000,0,-0.000076371,0.2840917500872132,g
1787756278716,2026-08-26T16:57:58.716000,3,0.001560427,92.72193959014419,g
1787756278738,2026-08-26T16:57:58.738000,0,-0.000076351,0.18068348923917493,g
1787756278816,2026-08-26T16:57:58.816000,3,0.001560053,92.90216040694601,g
1787756278839,2026-08-26T16:57:58.839000,0,-0.000076355,0.20418743139199882,g
1787756278917,2026-08-26T16:57:58.917000,3,0.001559947,92.95326800392525,g
1787756278939,2026-08-26T16:57:58.939000,0,-0.000076367,0.2605878079343893,g
1787756279017,2026-08-26T16:57:59.017000,3,0.001560151,92.85508765825752,g
1787756279039,2026-08-26T16:57:59.039000,0,-0.000076357,0.21358497064228218,g
1787756279117,2026-08-26T16:57:59.117000,3,0.001560312,92.77753019143412,g
1787756279139,2026-08-26T16:57:59.139000,0,-0.000076352,0.18538225886428242,g
1787756279217,2026-08-26T16:57:59.217000,3,0.001560265,92.79994569435804,g
1787756279239,2026-08-26T16:57:59.239000,0,-0.000076373,0.2934943363510372,g
1787756279318,2026-08-26T16:57:59.318000,3,0.001560112,92.8734687942613,g
1787756279340,2026-08-26T16:57:59.340000,0,-0.000076356,0.2088862010171747,g
1787756279418,2026-08-26T16:57:59.418000,3,0.001560052,92.90260904433647,g
1787756279440,2026-08-26T16:57:59.440000,0,-0.000076372,0.28879051971232067,g
1787756279519,2026-08-26T16:57:59.519000,3,0.001560166,92.84746659906641,g
1787756279540,2026-08-26T16:57:59.540000,0,-0.000076338,0.1148754794194198,g
1787756279619,2026-08-26T16:57:59.619000,3,0.001560173,92.84432854418601,g
1787756279640,2026-08-26T16:57:59.640000,0,-0.000076318,0.01617103521002969,g
1787756279719,2026-08-26T16:57:59.719000,3,0.001560174,92.84387990679556,g
1787756279741,2026-08-26T16:57:59.741000,0,-0.000076350,0.17598471961399909,g
1787756279819,2026-08-26T16:57:59.819000,3,0.001560121,92.86943394597047,g
1787756279841,2026-08-26T16:57:59.841000,0,-0.000076364,0.24649149905893009,g
1787756279920,2026-08-26T16:57:59.920000,3,0.001560120,92.86988210199034,g
1787756279941,2026-08-26T16:57:59.941000,0,-0.000076352,0.18538225886428242,g
1787756280020,2026-08-26T16:58:00.020000,3,0.001560120,92.86988210199034,g
1787756280041,2026-08-26T16:58:00.041000,0,-0.000076340,0.12427806568324382,g
1787756280120,2026-08-26T16:58:00.120000,3,0.001560187,92.83760379703476,g
1787756280142,2026-08-26T16:58:00.142000,0,-0.000076346,0.15717954708635104,g
1787756280220,2026-08-26T16:58:00.220000,3,0.001560138,92.8613642493889,g
1787756280242,2026-08-26T16:58:00.242000,0,-0.000076386,0.35929729915725167,g
1787756280321,2026-08-26T16:58:00.321000,3,0.001560126,92.86719220312982,g
1787756280342,2026-08-26T16:58:00.342000,0,-0.000076360,0.22768632653128207,g
1787756280421,2026-08-26T16:58:00.421000,3,0.001560184,92.83894874646498,g
1787756280442,2026-08-26T16:58:00.442000,0,-0.000076362,0.23708891279510608,g
1787756280521,2026-08-26T16:58:00.521000,3,0.001560166,92.8479147550863,g
1787756280542,2026-08-26T16:58:00.542000,0,-0.000076347,0.1618833637250676,g
1787756280622,2026-08-26T16:58:00.622000,3,0.001560138,92.8613642493889,g
1787756280643,2026-08-26T16:58:00.643000,0,-0.000076376,0.3075956922400371,g
1787756280723,2026-08-26T16:58:00.723000,3,0.001560162,92.84970786053647,g
1787756280744,2026-08-26T16:58:00.744000,0,-0.000076373,0.2934943363510372,g
1787756280823,2026-08-26T16:58:00.823000,3,0.001560156,92.852397759397,g
1787756280844,2026-08-26T16:58:00.844000,0,-0.000076351,0.18068348923917493,g
1787756280925,2026-08-26T16:58:00.925000,3,0.001560180,92.84119000793504,g
1787756280945,2026-08-26T16:58:00.945000,0,-0.000076379,0.321697048129037,g
1787756281025,2026-08-26T16:58:01.025000,3,0.001560135,92.86270919881922,g
1787756281045,2026-08-26T16:58:01.045000,0,-0.000076336,0.10547794016913646,g
1787756281125,2026-08-26T16:58:01.125000,3,0.001560149,92.85598445166785,g
1787756281145,2026-08-26T16:58:01.145000,0,-0.000076328,0.06787264212731269,g
1787756281226,2026-08-26T16:58:01.226000,3,0.001560153,92.85374270882721,g
1787756281245,2026-08-26T16:58:01.245000,0,-0.000076374,0.29819310597621307,g
1787756281326,2026-08-26T16:58:01.326000,3,0.001560147,92.8568812450783,g
1787756281345,2026-08-26T16:58:01.345000,0,-0.000076327,0.05847510287702934,g
1787756281426,2026-08-26T16:58:01.426000,3,0.001560123,92.86853715256012,g
1787756281446,2026-08-26T16:58:01.446000,0,-0.000076452,0.6930260238541903,g
1787756281527,2026-08-26T16:58:01.527000,3,0.001559842,93.00347880749413,g
1787756281546,2026-08-26T16:58:01.546000,0,-0.000076357,0.21358497064228218,g
1787756281627,2026-08-26T16:58:01.627000,3,0.001559783,93.03217090154953,g
1787756281646,2026-08-26T16:58:01.646000,0,-0.000076368,0.26529162457310584,g
1787756281728,2026-08-26T16:58:01.728000,3,0.001560108,92.87571005573126,g
1787756281747,2026-08-26T16:58:01.747000,0,-0.000076382,0.3404971736431443,g
1787756281828,2026-08-26T16:58:01.828000,3,0.001560241,92.81160160183988,g
1787756281847,2026-08-26T16:58:01.847000,0,-0.000076377,0.31229446186514453,g
1787756281929,2026-08-26T16:58:01.929000,3,0.001560314,92.77663339802379,g
1787756281947,2026-08-26T16:58:01.947000,0,-0.000076337,0.11017670979424393,g
1787756282029,2026-08-26T16:58:02.029000,3,0.001560085,92.88691780719321,g
1787756282048,2026-08-26T16:58:02.048000,0,-0.000076372,0.28879051971232067,g
1787756282129,2026-08-26T16:58:02.129000,3,0.001560020,92.91785116271869,g
1787756282148,2026-08-26T16:58:02.148000,0,-0.000076344,0.1477820078360677,g
1787756282229,2026-08-26T16:58:02.229000,3,0.001560152,92.85463950223765,g
1787756282248,2026-08-26T16:58:02.248000,0,-0.000076360,0.22768632653128207,g
1787756282330,2026-08-26T16:58:02.330000,3,0.001560189,92.83670700362433,g
1787756282349,2026-08-26T16:58:02.349000,0,-0.000076352,0.18538225886428242,g
1787756282430,2026-08-26T16:58:02.430000,3,0.001560109,92.87526189971138,g
1787756282449,2026-08-26T16:58:02.449000,0,-0.000076369,0.2746891638233892,g
1787756282530,2026-08-26T16:58:02.530000,3,0.001560102,92.87839995459179,g
1787756282549,2026-08-26T16:58:02.549000,0,-0.000076351,0.18068348923917493,g
1787756282631,2026-08-26T16:58:02.631000,3,0.001560166,92.8479147550863,g
1787756282649,2026-08-26T16:58:02.649000,0,-0.000076391,0.3828012413100756,g
1787756282732,2026-08-26T16:58:02.732000,3,0.001560157,92.85194960337712,g
1787756282750,2026-08-26T16:58:02.750000,0,-0.000076377,0.31229446186514453,g
1787756282832,2026-08-26T16:58:02.832000,3,0.001560188,92.8371551596442,g
1787756282850,2026-08-26T16:58:02.850000,0,-0.000076347,0.1618833637250676,g
1787756282932,2026-08-26T16:58:02.932000,3,0.001560126,92.86719220312982,g
1787756282950,2026-08-26T16:58:02.950000,0,-0.000076347,0.1618833637250676,g
1787756283032,2026-08-26T16:58:03.032000,3,0.001560110,92.8748137436915,g
1787756283051,2026-08-26T16:58:03.051000,0,-0.000076349,0.17128090297535092,g
1787756283133,2026-08-26T16:58:03.133000,3,0.001560105,92.87705500516157,g
1787756283151,2026-08-26T16:58:03.151000,0,-0.000076368,0.26529162457310584,g
1787756283233,2026-08-26T16:58:03.233000,3,0.001560126,92.86719220312982,g
1787756283252,2026-08-26T16:58:03.252000,0,-0.000076377,0.31229446186514453,g
1787756283333,2026-08-26T16:58:03.333000,3,0.001560180,92.84119000793504,g
1787756283352,2026-08-26T16:58:03.352000,0,-0.000076336,0.10547794016913646,g
1787756283433,2026-08-26T16:58:03.433000,3,0.001560129,92.86539909767973,g
1787756283452,2026-08-26T16:58:03.452000,0,-0.000076381,0.33579840401803684,g
1787756283534,2026-08-26T16:58:03.534000,3,0.001560132,92.86405414824942,g
1787756283552,2026-08-26T16:58:03.552000,0,-0.000076362,0.23708891279510608,g
1787756283634,2026-08-26T16:58:03.634000,3,0.001560149,92.85598445166785,g
1787756283653,2026-08-26T16:58:03.653000,0,-0.000076380,0.32639581775414445,g
1787756283735,2026-08-26T16:58:03.735000,3,0.001560108,92.87571005573126,g
1787756283753,2026-08-26T16:58:03.753000,0,-0.000076361,0.2323901431699986,g
1787756283835,2026-08-26T16:58:03.835000,3,0.001560193,92.83491389817425,g
1787756283853,2026-08-26T16:58:03.853000,0,-0.000076371,0.2840917500872132,g
1787756283935,2026-08-26T16:58:03.935000,3,0.001560193,92.83491389817425,g
1787756283953,2026-08-26T16:58:03.953000,0,-0.000076358,0.2182887872809987,g
1787756284036,2026-08-26T16:58:04.036000,3,0.001560133,92.86360551085896,g
1787756284054,2026-08-26T16:58:04.054000,0,-0.000076384,0.3498997599069683,g
1787756284136,2026-08-26T16:58:04.136000,3,0.001560135,92.86270919881922,g
1787756284154,2026-08-26T16:58:04.154000,0,-0.000076389,0.3733986550462516,g
1787756284236,2026-08-26T16:58:04.236000,3,0.001560107,92.87615821175113,g
1787756284254,2026-08-26T16:58:04.254000,0,-0.000076343,0.14307819119735116,g
1787756284336,2026-08-26T16:58:04.336000,3,0.001560150,92.85553629564798,g
1787756284354,2026-08-26T16:58:04.354000,0,-0.000076353,0.19008607550299897,g
1787756284437,2026-08-26T16:58:04.437000,3,0.001560174,92.84387990679556,g
1787756284455,2026-08-26T16:58:04.455000,0,-0.000076380,0.32639581775414445,g
1787756284537,2026-08-26T16:58:04.537000,3,0.001560156,92.852397759397,g
1787756284555,2026-08-26T16:58:04.555000,0,-0.000076375,0.3028918756013205,g
1787756284637,2026-08-26T16:58:04.637000,3,0.001560089,92.88467654572327,g
1787756284655,2026-08-26T16:58:04.655000,0,-0.000076344,0.1477820078360677,g
1787756284737,2026-08-26T16:58:04.737000,3,0.001560153,92.85419134621777,g
1787756284756,2026-08-26T16:58:04.756000,0,-0.000076349,0.17128090297535092,g
1787756284838,2026-08-26T16:58:04.838000,3,0.001560142,92.85912250654825,g
1787756284856,2026-08-26T16:58:04.856000,0,-0.000076353,0.19008607550299897,g
1787756284938,2026-08-26T16:58:04.938000,3,0.001560158,92.85150144735725,g
1787756284957,2026-08-26T16:58:04.957000,0,-0.000076368,0.26529162457310584,g
1787756285039,2026-08-26T16:58:05.039000,3,0.001560161,92.85015649792693,g
1787756285057,2026-08-26T16:58:05.057000,0,-0.000076368,0.26529162457310584,g
1787756285139,2026-08-26T16:58:05.139000,3,0.001560153,92.85419134621777,g
1787756285157,2026-08-26T16:58:05.157000,0,-0.000076360,0.22768632653128207,g
1787756285239,2026-08-26T16:58:05.239000,3,0.001560182,92.83984505850472,g
1787756285258,2026-08-26T16:58:05.258000,0,-0.000076343,0.14307819119735116,g
1787756285339,2026-08-26T16:58:05.339000,3,0.001560126,92.86674404710995,g
1787756285358,2026-08-26T16:58:05.358000,0,-0.000076365,0.25119026868410593,g
1787756285440,2026-08-26T16:58:05.440000,3,0.001560159,92.85105280996669,g
1787756285458,2026-08-26T16:58:05.458000,0,-0.000076391,0.3828012413100756,g
1787756285540,2026-08-26T16:58:05.540000,3,0.001560167,92.84701844304654,g
1787756285558,2026-08-26T16:58:05.558000,0,-0.000076395,0.4063001364493588,g
1787756285640,2026-08-26T16:58:05.640000,3,0.001560131,92.8645023042693,g
1787756285658,2026-08-26T16:58:05.658000,0,-0.000076366,0.25588903830921345,g
1787756285740,2026-08-26T16:58:05.740000,3,0.001560112,92.8734687942613,g
1787756285759,2026-08-26T16:58:05.759000,0,-0.000076407,0.46270556000528995,g
1787756285841,2026-08-26T16:58:05.841000,3,0.001560137,92.86181240540877,g
1787756285859,2026-08-26T16:58:05.859000,0,-0.000076343,0.14307819119735116,g
1787756285941,2026-08-26T16:58:05.941000,3,0.001560180,92.84119000793504,g
1787756285959,2026-08-26T16:58:05.959000,0,-0.000076392,0.38750001093525144,g
1787756286041,2026-08-26T16:58:06.041000,3,0.001560126,92.86719220312982,g
1787756286059,2026-08-26T16:58:06.059000,0,-0.000076353,0.19008607550299897,g
1787756286141,2026-08-26T16:58:06.141000,3,0.001560149,92.85598445166785,g
1787756286160,2026-08-26T16:58:06.160000,0,-0.000076374,0.29819310597621307,g
1787756286242,2026-08-26T16:58:06.242000,3,0.001560139,92.86046745597856,g
1787756286260,2026-08-26T16:58:06.260000,0,-0.000076366,0.25588903830921345,g
1787756286342,2026-08-26T16:58:06.342000,3,0.001560183,92.83939690248485,g
1787756286360,2026-08-26T16:58:06.360000,0,-0.000076333,0.09137658428013658,g
1787756286442,2026-08-26T16:58:06.442000,3,0.001560154,92.85329455280733,g
1787756286460,2026-08-26T16:58:06.460000,0,-0.000076378,0.31699323149032044,g
1787756286542,2026-08-26T16:58:06.542000,3,0.001560148,92.85643260768772,g
1787756286560,2026-08-26T16:58:06.560000,0,-0.000076367,0.2605878079343893,g
1787756286643,2026-08-26T16:58:06.643000,3,0.001560126,92.86674404710995,g
1787756286661,2026-08-26T16:58:06.661000,0,-0.000076351,0.18068348923917493,g
1787756286743,2026-08-26T16:58:06.743000,3,0.001560139,92.86091609336903,g
1787756286761,2026-08-26T16:58:06.761000,0,-0.000076356,0.2088862010171747,g
1787756286843,2026-08-26T16:58:06.843000,3,0.001560153,92.85374270882721,g
1787756286861,2026-08-26T16:58:06.861000,0,-0.000076340,0.12427806568324382,g
1787756286943,2026-08-26T16:58:06.943000,3,0.001560139,92.86091609336903,g
1787756286961,2026-08-26T16:58:06.961000,0,-0.000076413,0.4956120884220062,g
1787756287044,2026-08-26T16:58:07.044000,3,0.001560161,92.85015649792693,g
1787756287062,2026-08-26T16:58:07.062000,0,-0.000076349,0.17128090297535092,g
1787756287144,2026-08-26T16:58:07.144000,3,0.001560126,92.86674404710995,g
1787756287162,2026-08-26T16:58:07.162000,0,-0.000076376,0.3075956922400371,g
1787756287244,2026-08-26T16:58:07.244000,3,0.001560147,92.8568812450783,g
1787756287262,2026-08-26T16:58:07.262000,0,-0.000076350,0.17598471961399909,g
1787756287344,2026-08-26T16:58:07.344000,3,0.001560138,92.8613642493889,g
1787756287362,2026-08-26T16:58:07.362000,0,-0.000076355,0.20418743139199882,g
1787756287445,2026-08-26T16:58:07.445000,3,0.001560113,92.87302015687074,g
1787756287462,2026-08-26T16:58:07.462000,0,-0.000076322,0.03497116072420544,g
1787756287545,2026-08-26T16:58:07.545000,3,0.001560108,92.87571005573126,g
1787756287563,2026-08-26T16:58:07.563000,0,-0.000076355,0.20418743139199882,g
1787756287645,2026-08-26T16:58:07.645000,3,0.001560170,92.84567349361623,g
1787756287663,2026-08-26T16:58:07.663000,0,-0.000076354,0.19478484512817482,g
1787756287745,2026-08-26T16:58:07.745000,3,0.001560173,92.84432854418601,g
1787756287763,2026-08-26T16:58:07.763000,0,-0.000076350,0.17598471961399909,g
1787756287846,2026-08-26T16:58:07.846000,3,0.001560168,92.84656980565607,g
1787756287863,2026-08-26T16:58:07.863000,0,-0.000076370,0.2793929804620373,g
1787756287946,2026-08-26T16:58:07.946000,3,0.001560253,92.80577364809896,g
1787756287964,2026-08-26T16:58:07.964000,0,-0.000076375,0.3028918756013205,g
1787756288046,2026-08-26T16:58:08.046000,3,0.001560114,92.87257200085087,g
1787756288064,2026-08-26T16:58:08.064000,0,-0.000076369,0.2746891638233892,g
1787756288146,2026-08-26T16:58:08.146000,3,0.001560117,92.87122705142065,g
1787756288164,2026-08-26T16:58:08.164000,0,-0.000076338,0.1148754794194198,g
1787756288247,2026-08-26T16:58:08.247000,3,0.001560130,92.86495046028917,g
1787756288264,2026-08-26T16:58:08.264000,0,-0.000076347,0.1618833637250676,g
1787756288347,2026-08-26T16:58:08.347000,3,0.001559286,93.27112085589229,g
1787756288365,2026-08-26T16:58:08.365000,0,-0.000076368,0.26529162457310584,g
1787756288447,2026-08-26T16:58:08.447000,3,0.001559542,93.14828326445999,g
1787756288465,2026-08-26T16:58:08.465000,0,-0.000076409,0.4768069158942898,g
1787756288547,2026-08-26T16:58:08.547000,3,0.001559819,93.0146865589561,g
1787756288565,2026-08-26T16:58:08.565000,0,-0.000076341,0.12897683530835127,g
1787756288648,2026-08-26T16:58:08.648000,3,0.001560289,92.78828930550563,g
1787756288665,2026-08-26T16:58:08.665000,0,-0.000076347,0.1618833637250676,g
1787756288748,2026-08-26T16:58:08.748000,3,0.001560203,92.82998225647307,g
1787756288765,2026-08-26T16:58:08.765000,0,-0.000076363,0.24178768242028195,g
1787756288848,2026-08-26T16:58:08.848000,3,0.001560041,92.90798836068693,g
1787756288866,2026-08-26T16:58:08.866000,0,-0.000076361,0.2323901431699986,g
1787756288948,2026-08-26T16:58:08.948000,3,0.001560092,92.88333159629295,g
1787756288966,2026-08-26T16:58:08.966000,0,-0.000076394,0.39690259719907545,g
1787756289049,2026-08-26T16:58:09.049000,3,0.001560180,92.84119000793504,g
1787756289066,2026-08-26T16:58:09.066000,0,-0.000076349,0.17128090297535092,g
1787756289149,2026-08-26T16:58:09.149000,3,0.001560234,92.81518829411074,g
1787756289166,2026-08-26T16:58:09.166000,0,-0.000076363,0.24178768242028195,g
1787756289249,2026-08-26T16:58:09.249000,3,0.001560055,92.90126409490627,g
1787756289267,2026-08-26T16:58:09.267000,0,-0.000076351,0.18068348923917493,g
1787756289349,2026-08-26T16:58:09.349000,3,0.001560117,92.87122705142065,g
1787756289367,2026-08-26T16:58:09.367000,0,-0.000076354,0.1994836147532823,g
1787756289450,2026-08-26T16:58:09.450000,3,0.001560288,92.78918609891596,g
1787756289467,2026-08-26T16:58:09.467000,0,-0.000076338,0.1148754794194198,g
1787756289550,2026-08-26T16:58:09.550000,3,0.001560365,92.75197615225922,g
1787756289567,2026-08-26T16:58:09.567000,0,-0.000076346,0.15717954708635104,g
1787756289650,2026-08-26T16:58:09.650000,3,0.001560181,92.84029369589528,g
1787756289668,2026-08-26T16:58:09.668000,0,-0.000076329,0.07257645876602922,g
1787756289750,2026-08-26T16:58:09.750000,3,0.001560468,92.7022135047102,g
1787756289768,2026-08-26T16:58:09.768000,0,-0.000076381,0.33579840401803684,g
1787756289850,2026-08-26T16:58:09.850000,3,0.001559899,92.97613166286915,g
1787756289868,2026-08-26T16:58:09.868000,0,-0.000076365,0.25119026868410593,g
1787756289951,2026-08-26T16:58:09.951000,3,0.001560127,92.86629540971948,g
1787756289968,2026-08-26T16:58:09.968000,0,-0.000076374,0.29819310597621307,g
1787756290051,2026-08-26T16:58:10.051000,3,0.001559960,92.94699141279386,g
1787756290068,2026-08-26T16:58:10.068000,0,-0.000076350,0.17598471961399909,g
1787756290151,2026-08-26T16:58:10.151000,3,0.001560234,92.81518829411074,g
1787756290169,2026-08-26T16:58:10.169000,0,-0.000076341,0.13368065194706782,g
1787756290251,2026-08-26T16:58:10.251000,3,0.001560382,92.74390645567765,g
1787756290269,2026-08-26T16:58:10.269000,0,-0.000076345,0.15248077746117517,g
1787756290352,2026-08-26T16:58:10.352000,3,0.001560284,92.79097920436614,g
1787756290369,2026-08-26T16:58:10.369000,0,-0.000076394,0.39690259719907545,g
1787756290452,2026-08-26T16:58:10.452000,3,0.001560153,92.85374270882721,g
1787756290469,2026-08-26T16:58:10.469000,0,-0.000076393,0.392203827573968,g
1787756290552,2026-08-26T16:58:10.552000,3,0.001560135,92.86270919881922,g
1787756290570,2026-08-26T16:58:10.570000,0,-0.000076352,0.18538225886428242,g
1787756290652,2026-08-26T16:58:10.652000,3,0.001560235,92.8142915007004,g
1787756290670,2026-08-26T16:58:10.670000,0,-0.000076359,0.2229875569061062,g
1787756290753,2026-08-26T16:58:10.753000,3,0.001560081,92.888711394014,g
1787756290770,2026-08-26T16:58:10.770000,0,-0.000076359,0.2229875569061062,g
1787756290853,2026-08-26T16:58:10.853000,3,0.001559863,92.99361600546248,g
1787756290870,2026-08-26T16:58:10.870000,0,-0.000076383,0.3451959432683202,g
1787756290953,2026-08-26T16:58:10.953000,3,0.001559889,92.98106330457021,g
1787756290970,2026-08-26T16:58:10.970000,0,-0.000076344,0.1477820078360677,g
1787756291053,2026-08-26T16:58:11.053000,3,0.001560137,92.86181240540877,g
1787756291071,2026-08-26T16:58:11.071000,0,-0.000076351,0.18068348923917493,g
1787756291154,2026-08-26T16:58:11.154000,3,0.001560451,92.71028320129176,g
1787756291171,2026-08-26T16:58:11.171000,0,-0.000076401,0.4345028482273586,g
1787756291254,2026-08-26T16:58:11.254000,3,0.001560278,92.79366910322666,g
1787756291271,2026-08-26T16:58:11.271000,0,-0.000076360,0.22768632653128207,g
1787756291354,2026-08-26T16:58:11.354000,3,0.001560283,92.7914278417566,g
1787756291371,2026-08-26T16:58:11.371000,0,-0.000076395,0.4063001364493588,g
1787756291454,2026-08-26T16:58:11.454000,3,0.001560067,92.89543565979466,g
1787756291472,2026-08-26T16:58:11.472000,0,-0.000076406,0.45800679038018244,g
1787756291555,2026-08-26T16:58:11.555000,3,0.001560459,92.70669699039139,g
1787756291572,2026-08-26T16:58:11.572000,0,-0.000076382,0.3404971736431443,g
1787756291655,2026-08-26T16:58:11.655000,3,0.001560140,92.8600192999587,g
1787756291672,2026-08-26T16:58:11.672000,0,-0.000076361,0.2323901431699986,g
1787756291755,2026-08-26T16:58:11.755000,3,0.001559867,92.9918229000123,g
1787756291772,2026-08-26T16:58:11.772000,0,-0.000076356,0.2088862010171747,g
1787756291855,2026-08-26T16:58:11.855000,3,0.001560218,92.82280935330185,g
1787756291872,2026-08-26T16:58:11.872000,0,-0.000076346,0.15717954708635104,g
1787756291955,2026-08-26T16:58:11.955000,3,0.001560306,92.78021960892406,g
1787756291973,2026-08-26T16:58:11.973000,0,-0.000076356,0.2088862010171747,g
1787756292056,2026-08-26T16:58:12.056000,3,0.001560416,92.72731890649465,g
1787756292073,2026-08-26T16:58:12.073000,0,-0.000076363,0.24178768242028195,g
1787756292156,2026-08-26T16:58:12.156000,3,0.001560063,92.89722924661544,g
1787756292173,2026-08-26T16:58:12.173000,0,-0.000076333,0.09137658428013658,g
1787756292257,2026-08-26T16:58:12.257000,3,0.001559922,92.96537254879765,g
1787756292274,2026-08-26T16:58:12.274000,0,-0.000076367,0.2605878079343893,g
1787756292357,2026-08-26T16:58:12.357000,3,0.001559909,92.97164865855844,g
1787756292374,2026-08-26T16:58:12.374000,0,-0.000076393,0.392203827573968,g
1787756292457,2026-08-26T16:58:12.457000,3,0.001560098,92.88064169743242,g
1787756292474,2026-08-26T16:58:12.474000,0,-0.000076366,0.25588903830921345,g
1787756292558,2026-08-26T16:58:12.558000,3,0.001560368,92.7506312028289,g
1787756292574,2026-08-26T16:58:12.574000,0,-0.000076328,0.06787264212731269,g
1787756292658,2026-08-26T16:58:12.658000,3,0.001560449,92.71162815072198,g
1787756292675,2026-08-26T16:58:12.675000,0,-0.000076396,0.41100395308807536,g
1787756292758,2026-08-26T16:58:12.758000,3,0.001560234,92.81518829411074,g
1787756292775,2026-08-26T16:58:12.775000,0,-0.000076378,0.31699323149032044,g
1787756292858,2026-08-26T16:58:12.858000,3,0.001559667,93.08776150283947,g
1787756292875,2026-08-26T16:58:12.875000,0,-0.000076338,0.1148754794194198,g
1787756292959,2026-08-26T16:58:12.959000,3,0.001559587,93.12631591755594,g
1787756292975,2026-08-26T16:58:12.975000,0,-0.000076355,0.20418743139199882,g
1787756293059,2026-08-26T16:58:13.059000,3,0.001560175,92.84343175077568,g
1787756293076,2026-08-26T16:58:13.076000,0,-0.000076367,0.2605878079343893,g
1787756293159,2026-08-26T16:58:13.159000,3,0.001560623,92.62779409276719,g
1787756293176,2026-08-26T16:58:13.176000,0,-0.000076377,0.31229446186514453,g
1787756293259,2026-08-26T16:58:13.259000,3,0.001560358,92.75511420713961,g
1787756293276,2026-08-26T16:58:13.276000,0,-0.000076363,0.24178768242028195,g
1787756293360,2026-08-26T16:58:13.360000,3,0.001559993,92.93085250100131,g
1787756293376,2026-08-26T16:58:13.376000,0,-0.000076378,0.31699323149032044,g
1787756293460,2026-08-26T16:58:13.460000,3,0.001559668,93.08731286544902,g
1787756293476,2026-08-26T16:58:13.476000,0,-0.000076332,0.0866778146549607,g
1787756293560,2026-08-26T16:58:13.560000,3,0.001559959,92.94744005018433,g
1787756293577,2026-08-26T16:58:13.577000,0,-0.000076366,0.25588903830921345,g
1787756293660,2026-08-26T16:58:13.660000,3,0.001560317,92.7748402925736,g
1787756293677,2026-08-26T16:58:13.677000,0,-0.000076385,0.3545985295321442,g
1787756293761,2026-08-26T16:58:13.761000,3,0.001560425,92.72283590218393,g
1787756293777,2026-08-26T16:58:13.777000,0,-0.000076356,0.2088862010171747,g
1787756293861,2026-08-26T16:58:13.861000,3,0.001560085,92.88691780719321,g
1787756293878,2026-08-26T16:58:13.878000,0,-0.000076341,0.12897683530835127,g
1787756293961,2026-08-26T16:58:13.961000,3,0.001560052,92.90260904433647,g
1787756293978,2026-08-26T16:58:13.978000,0,-0.000076397,0.4157027227131828,g
1787756294061,2026-08-26T16:58:14.061000,3,0.001560373,92.74794130396837,g
1787756294078,2026-08-26T16:58:14.078000,0,-0.000076384,0.3498997599069683,g
1787756294162,2026-08-26T16:58:14.162000,3,0.001560225,92.81922314240157,g
1787756294178,2026-08-26T16:58:14.178000,0,-0.000076368,0.26529162457310584,g
1787756294265,2026-08-26T16:58:14.265000,3,0.001560105,92.87705500516157,g
1787756294279,2026-08-26T16:58:14.279000,0,-0.000076347,0.1618833637250676,g
1787756294365,2026-08-26T16:58:14.365000,3,0.001560200,92.83132720590328,g
1787756294379,2026-08-26T16:58:14.379000,0,-0.000076378,0.31699323149032044,g
1787756294465,2026-08-26T16:58:14.465000,3,0.001560051,92.90305720035634,g
1787756294479,2026-08-26T16:58:14.479000,0,-0.000076378,0.31699323149032044,g
1787756294565,2026-08-26T16:58:14.565000,3,0.001560053,92.90216040694601,g
1787756294579,2026-08-26T16:58:14.579000,0,-0.000076251,-0.3222615061255571,g
1787756294666,2026-08-26T16:58:14.666000,3,0.001560157,92.85194960337712,g
1787756294680,2026-08-26T16:58:14.680000,0,-0.000076351,0.18068348923917493,g
1787756294766,2026-08-26T16:58:14.766000,3,0.001560068,92.89498750377479,g
1787756294780,2026-08-26T16:58:14.780000,0,-0.000076400,0.42980407860218267,g
1787756294869,2026-08-26T16:58:14.869000,3,0.001560677,92.60179189757231,g
1787756294883,2026-08-26T16:58:14.883000,0,-0.000076389,0.3733986550462516,g
1787756294969,2026-08-26T16:58:14.969000,3,0.001560499,92.68741954234785,g
1787756294983,2026-08-26T16:58:14.983000,0,-0.000076395,0.40160136682425135,g
1787756295069,2026-08-26T16:58:15.069000,3,0.001559983,92.9357836613319,g
1787756295083,2026-08-26T16:58:15.083000,0,-0.000076362,0.23708891279510608,g
1787756295170,2026-08-26T16:58:15.170000,3,0.001559907,92.97254545196877,g
1787756295184,2026-08-26T16:58:15.184000,0,-0.000076372,0.28879051971232067,g
1787756295270,2026-08-26T16:58:15.270000,3,0.001560048,92.90440214978666,g
1787756295284,2026-08-26T16:58:15.284000,0,-0.000076353,0.19008607550299897,g
1787756295370,2026-08-26T16:58:15.370000,3,0.001560387,92.74121655681712,g
1787756295384,2026-08-26T16:58:15.384000,0,-0.000076377,0.31229446186514453,g
1787756295470,2026-08-26T16:58:15.470000,3,0.001560253,92.80577364809896,g
1787756295484,2026-08-26T16:58:15.484000,0,-0.000087260,55.24114354239058,g
1787756295571,2026-08-26T16:58:15.571000,3,0.001559995,92.92995570759098,g
1787756295584,2026-08-26T16:58:15.584000,0,-0.000068726,-38.3014725946067,g
1787756295671,2026-08-26T16:58:15.671000,3,0.001560735,92.57399659692734,g
1787756295685,2026-08-26T16:58:15.685000,0,-0.000070180,-30.96414951492651,g
1787756295771,2026-08-26T16:58:15.771000,3,0.001560134,92.86315735483909,g
1787756295785,2026-08-26T16:58:15.785000,0,-0.000067155,-46.23104252759718,g
1787756295871,2026-08-26T16:58:15.871000,3,0.001560736,92.57309980351701,g
1787756295885,2026-08-26T16:58:15.885000,0,-0.000066257,-50.76222606745078,g
1787756295972,2026-08-26T16:58:15.972000,3,0.001560771,92.556512254334,g
1787756295985,2026-08-26T16:58:15.985000,0,-0.000072854,-17.469308386588498,g
1787756296072,2026-08-26T16:58:16.072000,3,0.001559900,92.97568350684917,g
1787756296085,2026-08-26T16:58:16.085000,0,-0.000074416,-9.582042521265013,g
1787756296172,2026-08-26T16:58:16.172000,3,0.001559653,93.09448624999072,g
1787756296186,2026-08-26T16:58:16.186000,0,-0.000091790,78.10387776335473,g
1787756296272,2026-08-26T16:58:16.272000,3,0.001560147,92.8568812450783,g
1787756296286,2026-08-26T16:58:16.286000,0,-0.000119557,218.24153249673162,g
1787756296373,2026-08-26T16:58:16.373000,3,0.001560718,92.5820662935089,g
1787756296386,2026-08-26T16:58:16.386000,0,-0.000147606,359.80810780348037,g
1787756296473,2026-08-26T16:58:16.473000,3,0.001560018,92.91874795612902,g
1787756296486,2026-08-26T16:58:16.486000,0,-0.000081040,23.84718490184835,g
1787756296573,2026-08-26T16:58:16.573000,3,0.001560234,92.81518829411074,g
1787756296586,2026-08-26T16:58:16.586000,0,-0.000076341,0.13368065194706782,g
1787756296673,2026-08-26T16:58:16.673000,3,0.001560583,92.64707154081073,g
1787756296687,2026-08-26T16:58:16.687000,0,-0.000076567,1.2711765682890293,g
1787756296774,2026-08-26T16:58:16.774000,3,0.001559972,92.94116345905294,g
1787756296787,2026-08-26T16:58:16.787000,0,-0.000076629,1.5861001204582514,g
1787756296874,2026-08-26T16:58:16.874000,3,0.001560206,92.82863730704275,g
1787756296887,2026-08-26T16:58:16.887000,0,-0.000077046,3.691880729487853,g
1787756296974,2026-08-26T16:58:16.974000,3,0.001560205,92.82908594443322,g
1787756296987,2026-08-26T16:58:16.987000,0,-0.000077212,4.528549402535983,g
1787756297074,2026-08-26T16:58:17.074000,3,0.001560333,92.76721875201191,g
1787756297087,2026-08-26T16:58:17.087000,0,-0.000078649,11.781264346882308,g
1787756297175,2026-08-26T16:58:17.175000,3,0.001560404,92.73314734160614,g
1787756297188,2026-08-26T16:58:17.188000,0,-0.000084861,43.13291891975761,g
1787756297275,2026-08-26T16:58:17.275000,3,0.001559316,93.25677456817934,g
1787756297288,2026-08-26T16:58:17.288000,0,-0.000086401,50.90267516834406,g
1787756297375,2026-08-26T16:58:17.375000,3,0.001560468,92.7022135047102,g
1787756297388,2026-08-26T16:58:17.388000,0,-0.000067539,-44.29447818923538,g
1787756297475,2026-08-26T16:58:17.475000,3,0.001560408,92.73135375478537,g
1787756297488,2026-08-26T16:58:17.488000,0,-0.000046736,-149.28726408573564,g
1787756297576,2026-08-26T16:58:17.576000,3,0.001560351,92.75870089941047,g
1787756297589,2026-08-26T16:58:17.589000,0,-0.000063734,-63.4956040718107,g
1787756297676,2026-08-26T16:58:17.676000,3,0.001559790,93.02858420927858,g
1787756297689,2026-08-26T16:58:17.689000,0,-0.000074909,-7.095530350246365,g
1787756297776,2026-08-26T16:58:17.776000,3,0.001560375,92.74704499192863,g
1787756297789,2026-08-26T16:58:17.789000,0,-0.000066990,-47.06301243102014,g
1787756297876,2026-08-26T16:58:17.876000,3,0.001560606,92.63586378934876,g
1787756297889,2026-08-26T16:58:17.889000,0,-0.000071975,-21.90178243521924,g
1787756297977,2026-08-26T16:58:17.977000,3,0.001560226,92.8187745050111,g
1787756297989,2026-08-26T16:58:17.989000,0,-0.000091768,77.99106691624287,g
1787756298077,2026-08-26T16:58:18.077000,3,0.001561120,92.38839598240446,g
1787756298090,2026-08-26T16:58:18.090000,0,-0.000100588,122.50853266238435,g
1787756298177,2026-08-26T16:58:18.177000,3,0.001560660,92.60986159415387,g
1787756298190,2026-08-26T16:58:18.190000,0,-0.000084689,42.26334371829283,g
1787756298277,2026-08-26T16:58:18.277000,3,0.001559915,92.96851060367804,g
1787756298290,2026-08-26T16:58:18.290000,0,-0.000087176,54.81340409609589,g
1787756298378,2026-08-26T16:58:18.378000,3,0.001559729,93.05817261537373,g
1787756298390,2026-08-26T16:58:18.390000,0,-0.000085231,44.998976478674486,g
1787756298478,2026-08-26T16:58:18.478000,3,0.001559803,93.02230809951779,g
1787756298490,2026-08-26T16:58:18.490000,0,-0.000089258,65.32349692170278,g
1787756298578,2026-08-26T16:58:18.578000,3,0.001560575,92.650657751711,g
1787756298591,2026-08-26T16:58:18.591000,0,-0.000089849,68.3082452244339,g
1787756298678,2026-08-26T16:58:18.678000,3,0.001560775,92.55471914888382,g
1787756298691,2026-08-26T16:58:18.691000,0,-0.000091375,76.00749974058895,g
1787756298779,2026-08-26T16:58:18.779000,3,0.001560126,92.86719220312982,g
1787756298791,2026-08-26T16:58:18.791000,0,-0.000090991,74.07093540222722,g
1787756298879,2026-08-26T16:58:18.879000,3,0.001559365,93.23346275321556,g
1787756298891,2026-08-26T16:58:18.891000,0,-0.000093835,88.42594914576611,g
1787756298979,2026-08-26T16:58:18.979000,3,0.001559761,93.04248185960117,g
1787756298991,2026-08-26T16:58:18.991000,0,-0.000093878,88.64216825372601,g
1787756299079,2026-08-26T16:58:19.079000,3,0.001560672,92.60403364041295,g
1787756299092,2026-08-26T16:58:19.092000,0,-0.000091348,75.87118495132427,g
1787756299180,2026-08-26T16:58:19.180000,3,0.001560721,92.5807213440787,g
1787756299192,2026-08-26T16:58:19.192000,0,-0.000090003,69.08381475131446,g
1787756299280,2026-08-26T16:58:19.280000,3,0.001559848,93.00078890863361,g
1787756299292,2026-08-26T16:58:19.292000,0,-0.000087492,56.41154094013565,g
1787756299380,2026-08-26T16:58:19.380000,3,0.001559566,93.13662735697815,g
1787756299392,2026-08-26T16:58:19.392000,0,-0.000085600,46.86033022095265,g
1787756299480,2026-08-26T16:58:19.480000,3,0.001560084,92.88736644458379,g
1787756299493,2026-08-26T16:58:19.493000,0,-0.000087770,57.81225880172962,g
1787756299581,2026-08-26T16:58:19.581000,3,0.001561088,92.40363810078668,g
1787756299593,2026-08-26T16:58:19.593000,0,-0.000094166,90.09459276925074,g
1787756299681,2026-08-26T16:58:19.681000,3,0.001560638,92.62062118959597,g
1787756299693,2026-08-26T16:58:19.693000,0,-0.000095174,95.18042291138636,g
1787756299781,2026-08-26T16:58:19.781000,3,0.001560113,92.87302015687074,g
1787756299793,2026-08-26T16:58:19.793000,0,-0.000092660,82.49404774431855,g
1787756299881,2026-08-26T16:58:19.881000,3,0.001559702,93.07117395365647,g
1787756299893,2026-08-26T16:58:19.893000,0,-0.000088235,60.16245618348351,g
1787756299981,2026-08-26T16:58:19.981000,3,0.001559752,93.04696486391177,g
1787756299994,2026-08-26T16:58:19.994000,0,-0.000085835,48.04953279122537,g
1787756300082,2026-08-26T16:58:20.082000,3,0.001560700,92.59058414611034,g
1787756300094,2026-08-26T16:58:20.094000,0,-0.000089321,65.64311924349711,g
1787756300182,2026-08-26T16:58:20.182000,3,0.001560569,92.65379580659139,g
1787756300194,2026-08-26T16:58:20.194000,0,-0.000088352,60.75000931418218,g
1787756300282,2026-08-26T16:58:20.282000,3,0.001559933,92.9599927510766,g
1787756300294,2026-08-26T16:58:20.294000,0,-0.000078091,8.96572726780544,g
1787756300382,2026-08-26T16:58:20.382000,3,0.001559610,93.11555680348444,g
1787756300395,2026-08-26T16:58:20.395000,0,-0.000079654,16.852993133128926,g
1787756300483,2026-08-26T16:58:20.483000,3,0.001561040,92.42695039712093,g
1787756300495,2026-08-26T16:58:20.495000,0,-0.000073908,-12.148459010978875,g
1787756300583,2026-08-26T16:58:20.583000,3,0.001560193,92.83491389817425,g
1787756300595,2026-08-26T16:58:20.595000,0,-0.000073436,-14.531562921149483,g
1787756300683,2026-08-26T16:58:20.683000,3,0.001560194,92.8340171047638,g
1787756300695,2026-08-26T16:58:20.695000,0,-0.000069679,-33.49296575361209,g
1787756300783,2026-08-26T16:58:20.783000,3,0.001560935,92.4776098380804,g
1787756300795,2026-08-26T16:58:20.795000,0,-0.000068244,-40.736278111694524,g
1787756300884,2026-08-26T16:58:20.884000,3,0.001559195,93.3150550683298,g
1787756300895,2026-08-26T16:58:20.895000,0,-0.000070583,-28.92888073235538,g
1787756300984,2026-08-26T16:58:20.984000,3,0.001561027,92.43322698825241,g
1787756300996,2026-08-26T16:58:20.996000,0,-0.000071908,-22.240214976554892,g
1787756301084,2026-08-26T16:58:21.084000,3,0.001560055,92.90126409490627,g
1787756301096,2026-08-26T16:58:21.096000,0,-0.000073668,-13.361160476390875,g
1787756301184,2026-08-26T16:58:21.184000,3,0.001559925,92.96357896197686,g
1787756301196,2026-08-26T16:58:21.196000,0,-0.000074250,-10.42341501095186,g
1787756301285,2026-08-26T16:58:21.285000,3,0.001559769,93.03889564870079,g
1787756301296,2026-08-26T16:58:21.296000,0,-0.000074394,-9.694853368376943,g
1787756301385,2026-08-26T16:58:21.385000,3,0.001560537,92.66903840634419,g
1787756301396,2026-08-26T16:58:21.396000,0,-0.000072255,-20.491667034375055,g
1787756301485,2026-08-26T16:58:21.485000,3,0.001560122,92.86898530858001,g
1787756301497,2026-08-26T16:58:21.497000,0,-0.000073433,-14.545664277038483,g
1787756301585,2026-08-26T16:58:21.585000,3,0.001560688,92.59641209985126,g
1787756301597,2026-08-26T16:58:21.597000,0,-0.000071875,-22.409426200209147,g
1787756301685,2026-08-26T16:58:21.685000,3,0.001560092,92.88333159629295,g
1787756301697,2026-08-26T16:58:21.697000,0,-0.000076417,0.5144122139361136,g
1787756301786,2026-08-26T16:58:21.786000,3,0.001560027,92.91471310783818,g
1787756301797,2026-08-26T16:58:21.797000,0,-0.000076356,0.2088862010171747,g
1787756301886,2026-08-26T16:58:21.886000,3,0.001560443,92.71431804958249,g
1787756301897,2026-08-26T16:58:21.897000,0,-0.000076365,0.25119026868410593,g
1787756301986,2026-08-26T16:58:21.986000,3,0.001560288,92.78873794289608,g
1787756301998,2026-08-26T16:58:21.998000,0,-0.000076375,0.3028918756013205,g
1787756302086,2026-08-26T16:58:22.086000,3,0.001560006,92.92457590986994,g
1787756302098,2026-08-26T16:58:22.098000,0,-0.000076359,0.2229875569061062,g
1787756302187,2026-08-26T16:58:22.187000,3,0.001559938,92.95730285221607,g
1787756302198,2026-08-26T16:58:22.198000,0,-0.000076367,0.2605878079343893,g
1787756302287,2026-08-26T16:58:22.287000,3,0.001560283,92.7914278417566,g
1787756302298,2026-08-26T16:58:22.298000,0,-0.000076338,0.1148754794194198,g
1787756302387,2026-08-26T16:58:22.387000,3,0.001560367,92.75107935884877,g
1787756302398,2026-08-26T16:58:22.398000,0,-0.000076380,0.32639581775414445,g
1787756302487,2026-08-26T16:58:22.487000,3,0.001560274,92.79591084606731,g
1787756302499,2026-08-26T16:58:22.499000,0,-0.000076355,0.20418743139199882,g
1787756302588,2026-08-26T16:58:22.588000,3,0.001560049,92.9039535123961,g
1787756302599,2026-08-26T16:58:22.599000,0,-0.000076373,0.2934943363510372,g
1787756302688,2026-08-26T16:58:22.688000,3,0.001560248,92.80801490956902,g
1787756302699,2026-08-26T16:58:22.699000,0,-0.000076344,0.1477820078360677,g
1787756302788,2026-08-26T16:58:22.788000,3,0.001560165,92.84836291110616,g
1787756302799,2026-08-26T16:58:22.799000,0,-0.000076336,0.10547794016913646,g
1787756302888,2026-08-26T16:58:22.888000,3,0.001560132,92.86405414824942,g
1787756302899,2026-08-26T16:58:22.899000,0,-0.000076366,0.25588903830921345,g
1787756302989,2026-08-26T16:58:22.989000,3,0.001560041,92.90798836068693,g
1787756303000,2026-08-26T16:58:23,0,-0.000076357,0.21358497064228218,g
1787756303089,2026-08-26T16:58:23.089000,3,0.001560107,92.87615821175113,g
1787756303100,2026-08-26T16:58:23.100000,0,-0.000076352,0.18538225886428242,g
1787756303189,2026-08-26T16:58:23.189000,3,0.001560209,92.82684420159268,g
1787756303200,2026-08-26T16:58:23.200000,0,-0.000076326,0.053771286238312795,g
1787756303289,2026-08-26T16:58:23.289000,3,0.001560160,92.85060465394682,g
1787756303300,2026-08-26T16:58:23.300000,0,-0.000076360,0.22768632653128207,g
1787756303390,2026-08-26T16:58:23.390000,3,0.001560167,92.84701844304654,g
1787756303401,2026-08-26T16:58:23.401000,0,-0.000076356,0.2088862010171747,g
1787756303491,2026-08-26T16:58:23.491000,3,0.001560101,92.87884811061166,g
1787756303501,2026-08-26T16:58:23.501000,0,-0.000076328,0.06787264212731269,g
1787756303593,2026-08-26T16:58:23.593000,3,0.001560053,92.90216040694601,g
1787756303601,2026-08-26T16:58:23.601000,0,-0.000076327,0.05847510287702934,g
1787756303693,2026-08-26T16:58:23.693000,3,0.001560217,92.82325750932172,g
1787756303701,2026-08-26T16:58:23.701000,0,-0.000076342,0.1383794215722437,g
1787756303794,2026-08-26T16:58:23.794000,3,0.001560143,92.85867435052837,g
1787756303802,2026-08-26T16:58:23.802000,0,-0.000076368,0.26529162457310584,g
1787756303894,2026-08-26T16:58:23.894000,3,0.001560118,92.87077889540078,g
1787756303902,2026-08-26T16:58:23.902000,0,-0.000076355,0.20418743139199882,g
1787756303994,2026-08-26T16:58:23.994000,3,0.001560189,92.83670700362433,g
1787756304002,2026-08-26T16:58:24.002000,0,-0.000076358,0.2182887872809987,g
1787756304095,2026-08-26T16:58:24.095000,3,0.001560152,92.85463950223765,g
1787756304102,2026-08-26T16:58:24.102000,0,-0.000076346,0.15717954708635104,g
1787756304195,2026-08-26T16:58:24.195000,3,0.001558742,93.53338262519881,g
1787756304203,2026-08-26T16:58:24.203000,0,-0.000076335,0.10077917054396059,g
1787756304295,2026-08-26T16:58:24.295000,3,0.001558748,93.53024457031842,g
1787756304303,2026-08-26T16:58:24.303000,0,-0.000076370,0.2793929804620373,g
1787756304396,2026-08-26T16:58:24.396000,3,0.001561072,92.41170779736824,g
1787756304410,2026-08-26T16:58:24.410000,0,-0.000076351,0.18068348923917493,g
1787756304499,2026-08-26T16:58:24.499000,3,0.001560991,92.45071084947517,g
1787756304514,2026-08-26T16:58:24.514000,0,-0.000076349,0.17128090297535092,g
1787756304600,2026-08-26T16:58:24.600000,3,0.001560599,92.63945000024903,g
1787756304614,2026-08-26T16:58:24.614000,0,-0.000076340,0.12427806568324382,g
1787756304700,2026-08-26T16:58:24.700000,3,0.001559716,93.06444920650512,g
1787756304718,2026-08-26T16:58:24.718000,0,-0.000076345,0.15248077746117517,g
1787756304800,2026-08-26T16:58:24.800000,3,0.001560361,92.7537692577093,g
1787756304818,2026-08-26T16:58:24.818000,0,-0.000076360,0.22768632653128207,g
1787756304901,2026-08-26T16:58:24.901000,3,0.001560887,92.50047349702419,g
1787756304918,2026-08-26T16:58:24.918000,0,-0.000076361,0.2323901431699986,g
1787756305004,2026-08-26T16:58:25.004000,3,0.001560652,92.61389644244471,g
1787756305018,2026-08-26T16:58:25.018000,0,-0.000076354,0.1994836147532823,g
1787756305104,2026-08-26T16:58:25.104000,3,0.001560230,92.81698139956093,g
1787756305121,2026-08-26T16:58:25.121000,0,-0.000076345,0.15248077746117517,g
1787756305204,2026-08-26T16:58:25.204000,3,0.001559654,93.09403761260027,g
1787756305223,2026-08-26T16:58:25.223000,0,-0.000076367,0.2605878079343893,g
1787756305309,2026-08-26T16:58:25.309000,3,0.001560086,92.88602149515347,g
1787756305323,2026-08-26T16:58:25.323000,0,-0.000076384,0.3498997599069683,g
1787756305409,2026-08-26T16:58:25.409000,3,0.001560327,92.77035680689231,g
1787756305424,2026-08-26T16:58:25.424000,0,-0.000076359,0.2229875569061062,g
1787756305510,2026-08-26T16:58:25.510000,3,0.001560174,92.84387990679556,g
1787756305524,2026-08-26T16:58:25.524000,0,-0.000076357,0.21358497064228218,g
1787756305610,2026-08-26T16:58:25.610000,3,0.001560091,92.88377975231282,g
1787756305625,2026-08-26T16:58:25.625000,0,-0.000076349,0.17128090297535092,g
1787756305710,2026-08-26T16:58:25.710000,3,0.001559845,93.00213385806393,g
1787756305725,2026-08-26T16:58:25.725000,0,-0.000076363,0.24178768242028195,g
1787756305810,2026-08-26T16:58:25.810000,3,0.001560315,92.77573660461334,g
1787756305825,2026-08-26T16:58:25.825000,0,-0.000076361,0.2323901431699986,g
1787756305911,2026-08-26T16:58:25.911000,3,0.001560026,92.91516174522876,g
1787756305925,2026-08-26T16:58:25.925000,0,-0.000076359,0.2229875569061062,g
1787756306011,2026-08-26T16:58:26.011000,3,0.001560448,92.71207630674185,g
1787756306025,2026-08-26T16:58:26.025000,0,-0.000076361,0.2323901431699986,g
1787756306111,2026-08-26T16:58:26.111000,3,0.001560271,92.79725579549752,g
1787756306126,2026-08-26T16:58:26.126000,0,-0.000076398,0.42040149233835866,g
1787756306211,2026-08-26T16:58:26.211000,3,0.001560287,92.78963425493583,g
1787756306226,2026-08-26T16:58:26.226000,0,-0.000076395,0.40160136682425135,g
1787756306312,2026-08-26T16:58:26.312000,3,0.001560262,92.80129064378825,g
1787756306326,2026-08-26T16:58:26.326000,0,-0.000076395,0.40160136682425135,g
1787756306412,2026-08-26T16:58:26.412000,3,0.001560145,92.85777755711804,g
1787756306426,2026-08-26T16:58:26.426000,0,-0.000076356,0.2088862010171747,g
1787756306512,2026-08-26T16:58:26.512000,3,0.001560227,92.81832634899123,g
1787756306527,2026-08-26T16:58:26.527000,0,-0.000076349,0.17128090297535092,g
1787756306612,2026-08-26T16:58:26.612000,3,0.001559975,92.93981850962263,g
1787756306627,2026-08-26T16:58:26.627000,0,-0.000076367,0.2605878079343893,g
1787756306713,2026-08-26T16:58:26.713000,3,0.001560519,92.67800489633609,g
1787756306727,2026-08-26T16:58:26.727000,0,-0.000076360,0.22768632653128207,g
1787756306813,2026-08-26T16:58:26.813000,3,0.001560243,92.81070480842955,g
1787756306827,2026-08-26T16:58:26.827000,0,-0.000076255,-0.3034563335979091,g
1787756306913,2026-08-26T16:58:26.913000,3,0.001560610,92.63407020252798,g
1787756306927,2026-08-26T16:58:26.927000,0,-0.000076387,0.3640011157959682,g
1787756307013,2026-08-26T16:58:27.013000,3,0.001560844,92.52109589449793,g
1787756307028,2026-08-26T16:58:27.028000,0,-0.000076294,-0.10604239816565658,g
1787756307114,2026-08-26T16:58:27.114000,3,0.001559727,93.05906940878407,g
1787756307128,2026-08-26T16:58:27.128000,0,-0.000076327,0.05847510287702934,g
1787756307214,2026-08-26T16:58:27.214000,3,0.001560061,92.89812555865518,g
1787756307228,2026-08-26T16:58:27.228000,0,-0.000076322,0.03497116072420544,g
1787756307314,2026-08-26T16:58:27.314000,3,0.001560392,92.73897529534706,g
1787756307328,2026-08-26T16:58:27.328000,0,-0.000076326,0.053771286238312795,g
1787756307414,2026-08-26T16:58:27.414000,3,0.001560469,92.70176534869032,g
1787756307429,2026-08-26T16:58:27.429000,0,-0.000076365,0.25119026868410593,g
1787756307514,2026-08-26T16:58:27.514000,3,0.001560302,92.78246135176471,g
1787756307529,2026-08-26T16:58:27.529000,0,-0.000076363,0.24178768242028195,g
1787756307615,2026-08-26T16:58:27.615000,3,0.001559961,92.94654325677399,g
1787756307629,2026-08-26T16:58:27.629000,0,-0.000076372,0.28879051971232067,g
1787756307715,2026-08-26T16:58:27.715000,3,0.001559726,93.05951756480405,g
1787756307729,2026-08-26T16:58:27.729000,0,-0.000076354,0.19478484512817482,g
1787756307815,2026-08-26T16:58:27.815000,3,0.001560101,92.87884811061166,g
1787756307829,2026-08-26T16:58:27.829000,0,-0.000076377,0.31229446186514453,g
1787756307915,2026-08-26T16:58:27.915000,3,0.001560424,92.72373269559426,g
1787756307930,2026-08-26T16:58:27.930000,0,-0.000076365,0.25119026868410593,g
1787756308016,2026-08-26T16:58:28.016000,3,0.001560438,92.71655979242314,g
1787756308030,2026-08-26T16:58:28.030000,0,-0.000076356,0.2088862010171747,g
1787756308116,2026-08-26T16:58:28.116000,3,0.001560602,92.63765689479884,g
1787756308130,2026-08-26T16:58:28.130000,0,-0.000076364,0.24649149905893009,g
1787756308216,2026-08-26T16:58:28.216000,3,0.001560053,92.90216040694601,g
1787756308230,2026-08-26T16:58:28.230000,0,-0.000076368,0.26529162457310584,g
1787756308316,2026-08-26T16:58:28.316000,3,0.001560047,92.90485030580653,g
1787756308331,2026-08-26T16:58:28.331000,0,-0.000076338,0.1148754794194198,g
1787756308417,2026-08-26T16:58:28.417000,3,0.001559958,92.9478882062042,g
1787756308431,2026-08-26T16:58:28.431000,0,-0.000076337,0.11017670979424393,g
1787756308517,2026-08-26T16:58:28.517000,3,0.001559935,92.95909595766616,g
1787756308531,2026-08-26T16:58:28.531000,0,-0.000076378,0.31699323149032044,g
1787756308617,2026-08-26T16:58:28.617000,3,0.001560441,92.71521484299282,g
1787756308631,2026-08-26T16:58:28.631000,0,-0.000076332,0.0866778146549607,g
1787756308717,2026-08-26T16:58:28.717000,3,0.001560340,92.7640806971315,g
1787756308731,2026-08-26T16:58:28.731000,0,-0.000076362,0.23708891279510608,g
1787756308818,2026-08-26T16:58:28.818000,3,0.001560240,92.81204975785975,g
1787756308832,2026-08-26T16:58:28.832000,0,-0.000076354,0.19478484512817482,g
1787756308918,2026-08-26T16:58:28.918000,3,0.001560513,92.6806947951966,g
1787756308932,2026-08-26T16:58:28.932000,0,-0.000076340,0.12427806568324382,g
1787756309018,2026-08-26T16:58:29.018000,3,0.001560561,92.65738249886225,g
1787756309032,2026-08-26T16:58:29.032000,0,-0.000076342,0.1383794215722437,g
1787756309118,2026-08-26T16:58:29.118000,3,0.001559954,92.94968131165439,g
1787756309133,2026-08-26T16:58:29.133000,0,-0.000076353,0.19008607550299897,g
1787756309219,2026-08-26T16:58:29.219000,3,0.001559931,92.96088906311634,g
1787756309233,2026-08-26T16:58:29.233000,0,-0.000076358,0.2182887872809987,g
1787756309319,2026-08-26T16:58:29.319000,3,0.001560326,92.77080544428276,g
1787756309335,2026-08-26T16:58:29.335000,0,-0.000076351,0.18068348923917493,g
1787756309419,2026-08-26T16:58:29.419000,3,0.001560161,92.85015649792693,g
1787756309435,2026-08-26T16:58:29.435000,0,-0.000076346,0.15717954708635104,g
1787756309520,2026-08-26T16:58:29.520000,3,0.001560062,92.89767740263531,g
1787756309536,2026-08-26T16:58:29.536000,0,-0.000076349,0.17128090297535092,g
1787756309620,2026-08-26T16:58:29.620000,3,0.001560068,92.89498750377479,g
1787756309636,2026-08-26T16:58:29.636000,0,-0.000076388,0.36869988542114407,g
1787756309720,2026-08-26T16:58:29.720000,3,0.001559898,92.9765803002596,g
1787756309736,2026-08-26T16:58:29.736000,0,-0.000076336,0.10547794016913646,g
1787756309821,2026-08-26T16:58:29.821000,3,0.001559944,92.95461295335555,g
1787756309837,2026-08-26T16:58:29.837000,0,-0.000076376,0.3075956922400371,g
1787756309921,2026-08-26T16:58:29.921000,3,0.001560197,92.8326721553336,g
1787756309937,2026-08-26T16:58:29.937000,0,-0.000076367,0.2605878079343893,g
1787756310021,2026-08-26T16:58:30.021000,3,0.001560071,92.8931943983247,g
1787756310037,2026-08-26T16:58:30.037000,0,-0.000076396,0.41100395308807536,g
1787756310122,2026-08-26T16:58:30.122000,3,0.001560000,92.92771444612092,g
1787756310138,2026-08-26T16:58:30.138000,0,-0.000076357,0.21358497064228218,g
1787756310222,2026-08-26T16:58:30.222000,3,0.001560150,92.85553629564798,g
1787756310238,2026-08-26T16:58:30.238000,0,-0.000076393,0.392203827573968,g
1787756310322,2026-08-26T16:58:30.322000,3,0.001559951,92.95102626108459,g
1787756310338,2026-08-26T16:58:30.338000,0,-0.000076371,0.2840917500872132,g
1787756310423,2026-08-26T16:58:30.423000,3,0.001560285,92.79053104834627,g
1787756310438,2026-08-26T16:58:30.438000,0,-0.000076359,0.2229875569061062,g
1787756310523,2026-08-26T16:58:30.523000,3,0.001560319,92.77394349916327,g
1787756310539,2026-08-26T16:58:30.539000,0,-0.000076341,0.12897683530835127,g
1787756310623,2026-08-26T16:58:30.623000,3,0.001560072,92.89274576093413,g
1787756310639,2026-08-26T16:58:30.639000,0,-0.000076346,0.15717954708635104,g
1787756310723,2026-08-26T16:58:30.723000,3,0.001560334,92.76677059599203,g
1787756310739,2026-08-26T16:58:30.739000,0,-0.000076382,0.3404971736431443,g
1787756310824,2026-08-26T16:58:30.824000,3,0.001560247,92.80891170297936,g
1787756310840,2026-08-26T16:58:30.840000,0,-0.000076361,0.2323901431699986,g
1787756310924,2026-08-26T16:58:30.924000,3,0.001560494,92.68966080381792,g
1787756310940,2026-08-26T16:58:30.940000,0,-0.000076382,0.3404971736431443,g
1787756311024,2026-08-26T16:58:31.024000,3,0.001561223,92.33908149087543,g
1787756311040,2026-08-26T16:58:31.040000,0,-0.000076468,0.7729353895629454,g
1787756311125,2026-08-26T16:58:31.125000,3,0.001561763,92.07906098303897,g
1787756311140,2026-08-26T16:58:31.140000,0,-0.000076312,-0.01673549320661822,g
1787756311225,2026-08-26T16:58:31.225000,3,0.001561709,92.10506317823375,g
1787756311240,2026-08-26T16:58:31.240000,0,-0.000076354,0.1994836147532823,g
1787756311325,2026-08-26T16:58:31.325000,3,0.001560792,92.54620129628238,g
1787756311341,2026-08-26T16:58:31.341000,0,-0.000076381,0.3310945873793203,g
1787756311425,2026-08-26T16:58:31.425000,3,0.001559303,93.26305115931072,g
1787756311441,2026-08-26T16:58:31.441000,0,-0.000076402,0.4392066648660067,g
1787756311525,2026-08-26T16:58:31.525000,3,0.001560880,92.50406018929505,g
1787756311541,2026-08-26T16:58:31.541000,0,-0.000076362,0.23708891279510608,g
1787756311626,2026-08-26T16:58:31.626000,3,0.001560490,92.69190254665857,g
1787756311641,2026-08-26T16:58:31.641000,0,-0.000076299,-0.08253845601283269,g
1787756311726,2026-08-26T16:58:31.726000,3,0.001559957,92.94833636222418,g
1787756311742,2026-08-26T16:58:31.742000,0,-0.000076377,0.31229446186514453,g
1787756311826,2026-08-26T16:58:31.826000,3,0.001559944,92.95461295335555,g
1787756311842,2026-08-26T16:58:31.842000,0,-0.000076354,0.1994836147532823,g
1787756311926,2026-08-26T16:58:31.926000,3,0.001560089,92.88467654572327,g
1787756311942,2026-08-26T16:58:31.942000,0,-0.000076358,0.2182887872809987,g
1787756312027,2026-08-26T16:58:32.027000,3,0.001560884,92.50226660247428,g
1787756312042,2026-08-26T16:58:32.042000,0,-0.000076345,0.15248077746117517,g
1787756312127,2026-08-26T16:58:32.127000,3,0.001560647,92.61613770391477,g
1787756312143,2026-08-26T16:58:32.143000,0,-0.000076407,0.46270556000528995,g
1787756312227,2026-08-26T16:58:32.227000,3,0.001559832,93.00841044919531,g
1787756312243,2026-08-26T16:58:32.243000,0,-0.000076334,0.09607535390524405,g
1787756312327,2026-08-26T16:58:32.327000,3,0.001559920,92.96626886083739,g
1787756312343,2026-08-26T16:58:32.343000,0,-0.000076327,0.05847510287702934,g
1787756312428,2026-08-26T16:58:32.428000,3,0.001560116,92.87167520744053,g
1787756312443,2026-08-26T16:58:32.443000,0,-0.000076368,0.26529162457310584,g
1787756312528,2026-08-26T16:58:32.528000,3,0.001560155,92.85284639678746,g
1787756312544,2026-08-26T16:58:32.544000,0,-0.000076351,0.18068348923917493,g
1787756312628,2026-08-26T16:58:32.628000,3,0.001560425,92.72283590218393,g
1787756312644,2026-08-26T16:58:32.644000,0,-0.000076348,0.16658213335017505,g
1787756312728,2026-08-26T16:58:32.728000,3,0.001560094,92.88243480288261,g
1787756312744,2026-08-26T16:58:32.744000,0,-0.000076363,0.24178768242028195,g
1787756312829,2026-08-26T16:58:32.829000,3,0.001559940,92.95640605880564,g
1787756312846,2026-08-26T16:58:32.846000,0,-0.000076334,0.09607535390524405,g
1787756312929,2026-08-26T16:58:32.929000,3,0.001560103,92.8779517985719,g
1787756312946,2026-08-26T16:58:32.946000,0,-0.000076401,0.4345028482273586,g
1787756313029,2026-08-26T16:58:33.029000,3,0.001560159,92.85105280996669,g
1787756313047,2026-08-26T16:58:33.047000,0,-0.000076342,0.1383794215722437,g
1787756313129,2026-08-26T16:58:33.129000,3,0.001560469,92.70176534869032,g
1787756313147,2026-08-26T16:58:33.147000,0,-0.000076369,0.2746891638233892,g
1787756313230,2026-08-26T16:58:33.230000,3,0.001560265,92.79994569435804,g
1787756313247,2026-08-26T16:58:33.247000,0,-0.000076350,0.17598471961399909,g
1787756313330,2026-08-26T16:58:33.330000,3,0.001559994,92.93040434498144,g
1787756313348,2026-08-26T16:58:33.348000,0,-0.000076344,0.1477820078360677,g
1787756313430,2026-08-26T16:58:33.430000,3,0.001559440,93.19714911859857,g
1787756313451,2026-08-26T16:58:33.451000,0,-0.000076366,0.25588903830921345,g
1787756313530,2026-08-26T16:58:33.530000,3,0.001560096,92.88153800947218,g
1787756313551,2026-08-26T16:58:33.551000,0,-0.000076367,0.2605878079343893,g
1787756313631,2026-08-26T16:58:33.631000,3,0.001560315,92.77573660461334,g
1787756313651,2026-08-26T16:58:33.651000,0,-0.000076372,0.28879051971232067,g
1787756313731,2026-08-26T16:58:33.731000,3,0.001560374,92.7474931479485,g
1787756313752,2026-08-26T16:58:33.752000,0,-0.000076263,-0.26115226593090946,g
1787756313833,2026-08-26T16:58:33.833000,3,0.001560153,92.85419134621777,g
1787756313852,2026-08-26T16:58:33.852000,0,-0.000076374,0.29819310597621307,g
1787756313933,2026-08-26T16:58:33.933000,3,0.001560199,92.83177584329374,g
1787756313953,2026-08-26T16:58:33.953000,0,-0.000076355,0.20418743139199882,g
1787756314034,2026-08-26T16:58:34.034000,3,0.001559995,92.92995570759098,g
1787756314053,2026-08-26T16:58:34.053000,0,-0.000076336,0.10547794016913646,g
1787756314135,2026-08-26T16:58:34.135000,3,0.001560246,92.80935985899923,g
1787756314153,2026-08-26T16:58:34.153000,0,-0.000076327,0.05847510287702934,g
1787756314235,2026-08-26T16:58:34.235000,3,0.001559957,92.94833636222418,g
1787756314254,2026-08-26T16:58:34.254000,0,-0.000076346,0.15717954708635104,g
1787756314336,2026-08-26T16:58:34.336000,3,0.001560085,92.88691780719321,g
1787756314354,2026-08-26T16:58:34.354000,0,-0.000076331,0.08197399801631257,g
1787756314438,2026-08-26T16:58:34.438000,3,0.001560204,92.8295341004532,g
1787756314455,2026-08-26T16:58:34.455000,0,-0.000076342,0.1383794215722437,g
1787756314539,2026-08-26T16:58:34.539000,3,0.001559613,93.11376321666367,g
1787756314555,2026-08-26T16:58:34.555000,0,-0.000076333,0.09137658428013658,g
1787756314639,2026-08-26T16:58:34.639000,3,0.001560894,92.4973354421438,g
1787756314655,2026-08-26T16:58:34.655000,0,-0.000076338,0.1148754794194198,g
1787756314739,2026-08-26T16:58:34.739000,3,0.001555729,94.98366990043841,g
1787756314756,2026-08-26T16:58:34.756000,0,-0.000076229,-0.4350673062238787,g
1787756314840,2026-08-26T16:58:34.840000,3,0.001556607,94.56091243702298,g
1787756314858,2026-08-26T16:58:34.858000,0,-0.000076372,0.28879051971232067,g
1787756314943,2026-08-26T16:58:34.943000,3,0.001561844,92.04005793093204,g
1787756314958,2026-08-26T16:58:34.958000,0,-0.000076361,0.2323901431699986,g
1787756315046,2026-08-26T16:58:35.046000,3,0.001563445,91.26941057206383,g
1787756315058,2026-08-26T16:58:35.058000,0,-0.000076360,0.22768632653128207,g
1787756315146,2026-08-26T16:58:35.146000,3,0.001561147,92.37539464412184,g
1787756315159,2026-08-26T16:58:35.159000,0,-0.000076343,0.14307819119735116,g
1787756315246,2026-08-26T16:58:35.246000,3,0.001557981,93.89965317528457,g
1787756315260,2026-08-26T16:58:35.260000,0,-0.000076354,0.19478484512817482,g
1787756315347,2026-08-26T16:58:35.347000,3,0.001558728,93.54010737235006,g
1787756315360,2026-08-26T16:58:35.360000,0,-0.000076379,0.321697048129037,g
1787756315447,2026-08-26T16:58:35.447000,3,0.001561048,92.42336418622067,g
1787756315460,2026-08-26T16:58:35.460000,0,-0.000076352,0.18538225886428242,g
1787756315548,2026-08-26T16:58:35.548000,3,0.001561262,92.32025219885178,g
1787756315560,2026-08-26T16:58:35.560000,0,-0.000076369,0.2746891638233892,g
1787756315648,2026-08-26T16:58:35.648000,3,0.001560626,92.62644914333688,g
1787756315661,2026-08-26T16:58:35.661000,0,-0.000076354,0.1994836147532823,g
1787756315748,2026-08-26T16:58:35.748000,3,0.001559515,93.16083596535216,g
1787756315761,2026-08-26T16:58:35.761000,0,-0.000076356,0.2088862010171747,g
1787756315850,2026-08-26T16:58:35.850000,3,0.001560255,92.80487685468863,g
1787756315861,2026-08-26T16:58:35.861000,0,-0.000076378,0.31699323149032044,g
1787756315950,2026-08-26T16:58:35.950000,3,0.001560727,92.5775832891983,g
1787756315961,2026-08-26T16:58:35.961000,0,-0.000076366,0.25588903830921345,g
1787756316050,2026-08-26T16:58:36.050000,3,0.001560424,92.7232840582038,g
1787756316062,2026-08-26T16:58:36.062000,0,-0.000076338,0.1148754794194198,g
1787756316150,2026-08-26T16:58:36.150000,3,0.001559497,93.16980245534407,g
1787756316162,2026-08-26T16:58:36.162000,0,-0.000076398,0.42040149233835866,g
1787756316251,2026-08-26T16:58:36.251000,3,0.001559749,93.04830981334209,g
1787756316262,2026-08-26T16:58:36.262000,0,-0.000076359,0.2229875569061062,g
1787756316351,2026-08-26T16:58:36.351000,3,0.001560282,92.79187599777647,g
1787756316362,2026-08-26T16:58:36.362000,0,-0.000076384,0.3498997599069683,g
1787756316451,2026-08-26T16:58:36.451000,3,0.001560144,92.8582261945085,g
1787756316463,2026-08-26T16:58:36.463000,0,-0.000076336,0.10547794016913646,g
1787756316552,2026-08-26T16:58:36.552000,3,0.001560623,92.62779409276719,g
1787756316563,2026-08-26T16:58:36.563000,0,-0.000076341,0.13368065194706782,g
1787756316652,2026-08-26T16:58:36.652000,3,0.001560254,92.80532549207909,g
1787756316663,2026-08-26T16:58:36.663000,0,-0.000076300,-0.07783968638772522,g
1787756316752,2026-08-26T16:58:36.752000,3,0.001559166,93.32895271865229,g
1787756316763,2026-08-26T16:58:36.763000,0,-0.000076359,0.2229875569061062,g
1787756316852,2026-08-26T16:58:36.852000,3,0.001559867,92.9918229000123,g
1787756316864,2026-08-26T16:58:36.864000,0,-0.000076334,0.09607535390524405,g
1787756316953,2026-08-26T16:58:36.953000,3,0.001561062,92.41619128304943,g
1787756316964,2026-08-26T16:58:36.964000,0,-0.000076394,0.39690259719907545,g
1787756317053,2026-08-26T16:58:37.053000,3,0.001560624,92.62734545537673,g
1787756317064,2026-08-26T16:58:37.064000,0,-0.000076341,0.12897683530835127,g
1787756317153,2026-08-26T16:58:37.153000,3,0.001559607,93.11690175291466,g
1787756317165,2026-08-26T16:58:37.165000,0,-0.000076312,-0.01673549320661822,g
1787756317254,2026-08-26T16:58:37.254000,3,0.001560820,92.53275180197976,g
1787756317265,2026-08-26T16:58:37.265000,0,-0.000076341,0.12897683530835127,g
1787756317354,2026-08-26T16:58:37.354000,3,0.001559990,92.93219745043163,g
1787756317365,2026-08-26T16:58:37.365000,0,-0.000076307,-0.04023438834590144,g
1787756317454,2026-08-26T16:58:37.454000,3,0.001561491,92.20996778968224,g
1787756317465,2026-08-26T16:58:37.465000,0,-0.000076363,0.24178768242028195,g
1787756317554,2026-08-26T16:58:37.554000,3,0.001560235,92.8142915007004,g
1787756317566,2026-08-26T16:58:37.566000,0,-0.000076346,0.15717954708635104,g
1787756317655,2026-08-26T16:58:37.655000,3,0.001557886,93.94538097454274,g
1787756317666,2026-08-26T16:58:37.666000,0,-0.000076353,0.19008607550299897,g
1787756317755,2026-08-26T16:58:37.755000,3,0.001558141,93.82254338311046,g
1787756317766,2026-08-26T16:58:37.766000,0,-0.000076259,-0.2846562080837333,g
1787756317855,2026-08-26T16:58:37.855000,3,0.001561853,92.03557492662132,g
1787756317867,2026-08-26T16:58:37.867000,0,-0.000076412,0.4909082717832897,g
1787756317956,2026-08-26T16:58:37.956000,3,0.001561311,92.29649174649754,g
1787756317967,2026-08-26T16:58:37.967000,0,-0.000076380,0.32639581775414445,g
1787756318057,2026-08-26T16:58:38.057000,3,0.001559655,93.09358945658039,g
1787756318067,2026-08-26T16:58:38.067000,0,-0.000076453,0.6977247934793662,g
1787756318157,2026-08-26T16:58:38.157000,3,0.001559283,93.27291396134248,g
1787756318167,2026-08-26T16:58:38.167000,0,-0.000076337,0.11017670979424393,g
1787756318257,2026-08-26T16:58:38.257000,3,0.001560424,92.72373269559426,g
1787756318268,2026-08-26T16:58:38.268000,0,-0.000076287,-0.13894387956876383,g
1787756318357,2026-08-26T16:58:38.357000,3,0.001561250,92.32608063396327,g
1787756318368,2026-08-26T16:58:38.368000,0,-0.000076363,0.24178768242028195,g
1787756318458,2026-08-26T16:58:38.458000,3,0.001560147,92.8568812450783,g
1787756318468,2026-08-26T16:58:38.468000,0,-0.000076328,0.06787264212731269,g
1787756318558,2026-08-26T16:58:38.558000,3,0.001560614,92.6322770970778,g
1787756318568,2026-08-26T16:58:38.568000,0,-0.000076398,0.42040149233835866,g
1787756318658,2026-08-26T16:58:38.658000,3,0.001559330,93.25005030239858,g
1787756318669,2026-08-26T16:58:38.669000,0,-0.000076410,0.48151073253300636,g
1787756318759,2026-08-26T16:58:38.759000,3,0.001560460,92.70624835300093,g
1787756318769,2026-08-26T16:58:38.769000,0,-0.000076458,0.7212287356321901,g
1787756318859,2026-08-26T16:58:38.859000,3,0.001561095,92.40050004590628,g
1787756318869,2026-08-26T16:58:38.869000,0,-0.000076373,0.2934943363510372,g
1787756318959,2026-08-26T16:58:38.959000,3,0.001560436,92.71790474185335,g
1787756318970,2026-08-26T16:58:38.970000,0,-0.000076223,-0.46327001800187845,g
1787756319061,2026-08-26T16:58:39.061000,3,0.001560955,92.46774703604864,g
1787756319070,2026-08-26T16:58:39.070000,0,-0.000076364,0.24649149905893009,g
1787756319161,2026-08-26T16:58:39.161000,3,0.001559618,93.11152195519361,g
1787756319171,2026-08-26T16:58:39.171000,0,-0.000076403,0.4439054344911826,g
1787756319262,2026-08-26T16:58:39.262000,3,0.001559419,93.20746055802078,g
1787756319271,2026-08-26T16:58:39.271000,0,-0.000076398,0.42040149233835866,g
1787756319362,2026-08-26T16:58:39.362000,3,0.001559601,93.11959165177518,g
1787756319372,2026-08-26T16:58:39.372000,0,-0.000076402,0.4392066648660067,g
1787756319462,2026-08-26T16:58:39.462000,3,0.001561315,92.29469864104746,g
1787756319472,2026-08-26T16:58:39.472000,0,-0.000076324,0.044373746988029455,g
1787756319562,2026-08-26T16:58:39.562000,3,0.001561579,92.16737804530445,g
1787756319572,2026-08-26T16:58:39.572000,0,-0.000076119,-0.9897139085058937,g
1787756319663,2026-08-26T16:58:39.663000,3,0.001559627,93.10703895088301,g
1787756319673,2026-08-26T16:58:39.673000,0,-0.000076656,1.7224149097229375,g
1787756319763,2026-08-26T16:58:39.763000,3,0.001559043,93.38813001221308,g
1787756319773,2026-08-26T16:58:39.773000,0,-0.000076253,-0.3128589198617331,g
1787756319863,2026-08-26T16:58:39.863000,3,0.001560101,92.87884811061166,g
1787756319873,2026-08-26T16:58:39.873000,0,-0.000076295,-0.10133858152694004,g
1787756319963,2026-08-26T16:58:39.963000,3,0.001560953,92.46864334808839,g
1787756319973,2026-08-26T16:58:39.973000,0,-0.000076437,0.6178204747841518,g
1787756320064,2026-08-26T16:58:40.064000,3,0.001562645,91.65450993280265,g
1787756320074,2026-08-26T16:58:40.074000,0,-0.000076826,2.577888755298784,g
1787756320164,2026-08-26T16:58:40.164000,3,0.001558505,93.6472537266392,g
1787756320174,2026-08-26T16:58:40.174000,0,-0.000076197,-0.594880990627848,g
1787756320264,2026-08-26T16:58:40.264000,3,0.001560705,92.5883424032698,g
1787756320274,2026-08-26T16:58:40.274000,0,-0.000076357,0.21358497064228218,g
1787756320365,2026-08-26T16:58:40.365000,3,0.001562296,91.8221785300829,g
1787756320374,2026-08-26T16:58:40.374000,0,-0.000076300,-0.07313586974900868,g
1787756320465,2026-08-26T16:58:40.465000,3,0.001568308,88.92832920812543,g
1787756320475,2026-08-26T16:58:40.475000,0,-0.000076466,0.7635328032991213,g
1787756320565,2026-08-26T16:58:40.565000,3,0.001559683,93.08013996227778,g
1787756320575,2026-08-26T16:58:40.575000,0,-0.000076339,0.11957929605806794,g
1787756320666,2026-08-26T16:58:40.666000,3,0.001560485,92.69414428949922,g
1787756320675,2026-08-26T16:58:40.675000,0,-0.000076432,0.5896177630061521,g
1787756320766,2026-08-26T16:58:40.766000,3,0.001563872,91.06363571608709,g
1787756320776,2026-08-26T16:58:40.776000,0,-0.000075750,-2.851072697797595,g
1787756320866,2026-08-26T16:58:40.866000,3,0.001558565,93.61856211395438,g
1787756320876,2026-08-26T16:58:40.876000,0,-0.000076142,-0.8722042917688556,g
1787756320968,2026-08-26T16:58:40.968000,3,0.001560176,92.84298359475581,g
1787756320976,2026-08-26T16:58:40.976000,0,-0.000076174,-0.7123906073648862,g
1787756321068,2026-08-26T16:58:41.068000,3,0.001560082,92.88826275662353,g
1787756321076,2026-08-26T16:58:41.076000,0,-0.000076366,0.25588903830921345,g
1787756321168,2026-08-26T16:58:41.168000,3,0.001560528,92.67352189202538,g
1787756321179,2026-08-26T16:58:41.179000,0,-0.000076341,0.13368065194706782,g
1787756321269,2026-08-26T16:58:41.269000,3,0.001560138,92.8613642493889,g
1787756321279,2026-08-26T16:58:41.279000,0,-0.000076316,0.006768448946205677,g
1787756321369,2026-08-26T16:58:41.369000,3,0.001560220,92.82146440387163,g
1787756321379,2026-08-26T16:58:41.379000,0,-0.000076323,0.03966993034931291,g
1787756321469,2026-08-26T16:58:41.469000,3,0.001560789,92.54799440173257,g
1787756321479,2026-08-26T16:58:41.479000,0,-0.000076344,0.1477820078360677,g
1787756321569,2026-08-26T16:58:41.569000,3,0.001560356,92.75601100054995,g
1787756321580,2026-08-26T16:58:41.580000,0,-0.000076327,0.06317387250213681,g
1787756321670,2026-08-26T16:58:41.670000,3,0.001559515,93.16083596535216,g
1787756321680,2026-08-26T16:58:41.680000,0,-0.000076377,0.31229446186514453,g
1787756321770,2026-08-26T16:58:41.770000,3,0.001560334,92.76677059599203,g
1787756321780,2026-08-26T16:58:41.780000,0,-0.000076402,0.4392066648660067,g
1787756321870,2026-08-26T16:58:41.870000,3,0.001560086,92.88602149515347,g
1787756321881,2026-08-26T16:58:41.881000,0,-0.000076368,0.2699903941982133,g
1787756321971,2026-08-26T16:58:41.971000,3,0.001560618,92.63003535423725,g
1787756321981,2026-08-26T16:58:41.981000,0,-0.000076377,0.31229446186514453,g
1787756322071,2026-08-26T16:58:42.071000,3,0.001559505,93.16576760705334,g
1787756322081,2026-08-26T16:58:42.081000,0,-0.000076327,0.06317387250213681,g
1787756322171,2026-08-26T16:58:42.171000,3,0.001558949,93.43340917408091,g
1787756322181,2026-08-26T16:58:42.181000,0,-0.000076341,0.13368065194706782,g
1787756322271,2026-08-26T16:58:42.271000,3,0.001560100,92.87929674800222,g
1787756322282,2026-08-26T16:58:42.282000,0,-0.000076322,0.03497116072420544,g
1787756322372,2026-08-26T16:58:42.372000,3,0.001561603,92.1561702938425,g
1787756322382,2026-08-26T16:58:42.382000,0,-0.000076330,0.0772752283911367,g
1787756322472,2026-08-26T16:58:42.472000,3,0.001559515,93.16128460274263,g
1787756322482,2026-08-26T16:58:42.482000,0,-0.000076368,0.26529162457310584,g
1787756322572,2026-08-26T16:58:42.572000,3,0.001559412,93.21059861290118,g
1787756322582,2026-08-26T16:58:42.582000,0,-0.000076351,0.18068348923917493,g
1787756322672,2026-08-26T16:58:42.672000,3,0.001560131,92.8645023042693,g
1787756322683,2026-08-26T16:58:42.683000,0,-0.000076378,0.31699323149032044,g
1787756322773,2026-08-26T16:58:42.773000,3,0.001561288,92.3076994979595,g
1787756322783,2026-08-26T16:58:42.783000,0,-0.000076370,0.2793929804620373,g
1787756322873,2026-08-26T16:58:42.873000,3,0.001560258,92.80353190525831,g
1787756322883,2026-08-26T16:58:42.883000,0,-0.000076325,0.04907251661313693,g
1787756322973,2026-08-26T16:58:42.973000,3,0.001559428,93.20297755371008,g
1787756322983,2026-08-26T16:58:42.983000,0,-0.000076348,0.16658213335017505,g
1787756323073,2026-08-26T16:58:43.073000,3,0.001560598,92.6398981562689,g
1787756323084,2026-08-26T16:58:43.084000,0,-0.000076403,0.4439054344911826,g
1787756323174,2026-08-26T16:58:43.174000,3,0.001560363,92.75287294566955,g
1787756323184,2026-08-26T16:58:43.184000,0,-0.000076352,0.18538225886428242,g
1787756323274,2026-08-26T16:58:43.274000,3,0.001560438,92.71655979242314,g
1787756323284,2026-08-26T16:58:43.284000,0,-0.000076362,0.23708891279510608,g
1787756323374,2026-08-26T16:58:43.374000,3,0.001558902,93.45627331439529,g
1787756323384,2026-08-26T16:58:43.384000,0,-0.000076348,0.16658213335017505,g
1787756323476,2026-08-26T16:58:43.476000,3,0.001558772,93.51858866283648,g
1787756323485,2026-08-26T16:58:43.485000,0,-0.000076390,0.3781024716849681,g
1787756323577,2026-08-26T16:58:43.577000,3,0.001561689,92.11447734287493,g
1787756323585,2026-08-26T16:58:43.585000,0,-0.000076343,0.14307819119735116,g
1787756323677,2026-08-26T16:58:43.677000,3,0.001560705,92.5883424032698,g
1787756323685,2026-08-26T16:58:43.685000,0,-0.000076356,0.2088862010171747,g
1787756323777,2026-08-26T16:58:43.777000,3,0.001558988,93.41458036342783,g
1787756323786,2026-08-26T16:58:43.786000,0,-0.000076351,0.18068348923917493,g
1787756323877,2026-08-26T16:58:43.877000,3,0.001559117,93.35271317100653,g
1787756323887,2026-08-26T16:58:43.887000,0,-0.000076343,0.14307819119735116,g
1787756323978,2026-08-26T16:58:43.978000,3,0.001560379,92.74525140510785,g
1787756323988,2026-08-26T16:58:43.988000,0,-0.000076371,0.2840917500872132,g
1787756324080,2026-08-26T16:58:44.080000,3,0.001559891,92.98016651115988,g
1787756324088,2026-08-26T16:58:44.088000,0,-0.000076367,0.2605878079343893,g
1787756324181,2026-08-26T16:58:44.181000,3,0.001559841,93.00392696351412,g
1787756324189,2026-08-26T16:58:44.189000,0,-0.000076342,0.1383794215722437,g
1787756324281,2026-08-26T16:58:44.281000,3,0.001559434,93.20028765484956,g
1787756324289,2026-08-26T16:58:44.289000,0,-0.000076351,0.18068348923917493,g
1787756324381,2026-08-26T16:58:44.381000,3,0.001560071,92.8931943983247,g
1787756324389,2026-08-26T16:58:44.389000,0,-0.000076331,0.08197399801631257,g
1787756324481,2026-08-26T16:58:44.481000,3,0.001561845,92.03960977491205,g
1787756324489,2026-08-26T16:58:44.489000,0,-0.000076313,-0.012031676567901677,g
1787756324582,2026-08-26T16:58:44.582000,3,0.001560451,92.71073135731163,g
1787756324590,2026-08-26T16:58:44.590000,0,-0.000076362,0.23708891279510608,g
1787756324682,2026-08-26T16:58:44.682000,3,0.001467642,137.38584919036225,g
1787756324690,2026-08-26T16:58:44.690000,0,-0.000076359,0.2229875569061062,g
1787756324784,2026-08-26T16:58:44.784000,3,0.001560572,92.65245133853176,g
1787756324793,2026-08-26T16:58:44.793000,0,-0.000076402,0.4392066648660067,g
1787756324884,2026-08-26T16:58:44.884000,3,0.001560152,92.85463950223765,g
1787756324893,2026-08-26T16:58:44.893000,0,-0.000076348,0.16658213335017505,g
1787756324985,2026-08-26T16:58:44.985000,3,0.001559625,93.10793526292275,g
1787756325000,2026-08-26T16:58:45,0,-0.000076329,0.07257645876602922,g
1787756325085,2026-08-26T16:58:45.085000,3,0.001560111,92.87436510630104,g
1787756325101,2026-08-26T16:58:45.101000,0,-0.000076352,0.18538225886428242,g
1787756325186,2026-08-26T16:58:45.186000,3,0.001560606,92.63586378934876,g
1787756325202,2026-08-26T16:58:45.202000,0,-0.000076369,0.2746891638233892,g
1787756325286,2026-08-26T16:58:45.286000,3,0.001560568,92.65424444398185,g
1787756325302,2026-08-26T16:58:45.302000,0,-0.000076366,0.25588903830921345,g
1787756325387,2026-08-26T16:58:45.387000,3,0.001560014,92.92098969896966,g
1787756325403,2026-08-26T16:58:45.403000,0,-0.000076354,0.1994836147532823,g
1787756325487,2026-08-26T16:58:45.487000,3,0.001571882,87.20815862301761,g
1787756325503,2026-08-26T16:58:45.503000,0,-0.000076314,-0.007332906942794206,g
1787756325587,2026-08-26T16:58:45.587000,3,0.001750951,1.009552006610862,g
1787756325603,2026-08-26T16:58:45.603000,0,-0.000076396,0.41100395308807536,g
1787756325687,2026-08-26T16:58:45.687000,3,0.001753837,-0.3797643882471714,g
1787756325703,2026-08-26T16:58:45.703000,0,-0.000076370,0.2793929804620373,g
1787756325788,2026-08-26T16:58:45.788000,3,0.001753517,-0.2259939226601016,g
1787756325804,2026-08-26T16:58:45.804000,0,-0.000076371,0.2840917500872132,g
1787756325888,2026-08-26T16:58:45.888000,3,0.001753309,-0.12557183415173,g
1787756325904,2026-08-26T16:58:45.904000,0,-0.000076354,0.19478484512817482,g
1787756325988,2026-08-26T16:58:45.988000,3,0.001753359,-0.14978092389632458,g
1787756326004,2026-08-26T16:58:46.004000,0,-0.000076266,-0.24705091004197793,g
1787756326089,2026-08-26T16:58:46.089000,3,0.001753900,-0.41024958775266135,g
1787756326104,2026-08-26T16:58:46.104000,0,-0.000076494,0.9045463621889833,g
1787756326189,2026-08-26T16:58:46.189000,3,0.001753233,-0.0892586809052181,g
1787756326205,2026-08-26T16:58:46.205000,0,-0.000076318,0.01617103521002969,g
1787756326289,2026-08-26T16:58:46.289000,3,0.001753443,-0.19012892543356746,g
1787756326305,2026-08-26T16:58:46.305000,0,-0.000076330,0.0772752283911367,g
1787756326389,2026-08-26T16:58:46.389000,3,0.001753408,-0.17309273886009935,g
1787756326405,2026-08-26T16:58:46.405000,0,-0.000076367,0.2605878079343893,g
1787756326490,2026-08-26T16:58:46.490000,3,0.001633093,57.742898677877896,g
1787756326505,2026-08-26T16:58:46.505000,0,-0.000076382,0.3404971736431443,g
1787756326590,2026-08-26T16:58:46.590000,3,0.001848881,-46.13127740589004,g
1787756326606,2026-08-26T16:58:46.606000,0,-0.000076544,1.158365721177167,g
1787756326690,2026-08-26T16:58:46.690000,3,0.001892999,-67.36823204807838,g
1787756326706,2026-08-26T16:58:46.706000,0,-0.000076417,0.5144122139361136,g
1787756326790,2026-08-26T16:58:46.790000,3,0.001953868,-96.66896145081844,g
1787756326806,2026-08-26T16:58:46.806000,0,-0.000076332,0.0866778146549607,g
1787756326891,2026-08-26T16:58:46.891000,3,0.001866095,-54.41741505297189,g
1787756326906,2026-08-26T16:58:46.906000,0,-0.000076361,0.2323901431699986,g
1787756326991,2026-08-26T16:58:46.991000,3,0.001821267,-32.83884758783285,g
1787756327006,2026-08-26T16:58:47.006000,0,-0.000076380,0.32639581775414445,g
1787756327091,2026-08-26T16:58:47.091000,3,0.001922408,-81.5250060849902,g
1787756327107,2026-08-26T16:58:47.107000,0,-0.000076360,0.22768632653128207,g
1787756327192,2026-08-26T16:58:47.192000,3,0.001916402,-78.63384666189324,g
1787756327207,2026-08-26T16:58:47.207000,0,-0.000076385,0.3545985295321442,g
1787756327292,2026-08-26T16:58:47.292000,3,0.001857166,-50.11945489242357,g
1787756327307,2026-08-26T16:58:47.307000,0,-0.000076355,0.20418743139199882,g
1787756327392,2026-08-26T16:58:47.392000,3,0.001866210,-54.473005654261826,g
1787756327407,2026-08-26T16:58:47.407000,0,-0.000076371,0.2840917500872132,g
1787756327493,2026-08-26T16:58:47.493000,3,0.001916679,-78.76699473000659,g
1787756327508,2026-08-26T16:58:47.508000,0,-0.000076354,0.1994836147532823,g
1787756327593,2026-08-26T16:58:47.593000,3,0.001870629,-56.60024294701251,g
1787756327608,2026-08-26T16:58:47.608000,0,-0.000076370,0.2793929804620373,g
1787756327693,2026-08-26T16:58:47.693000,3,0.001916075,-78.47648902266474,g
1787756327708,2026-08-26T16:58:47.708000,0,-0.000076343,0.14307819119735116,g
1787756327793,2026-08-26T16:58:47.793000,3,0.001861815,-52.35742475036356,g
1787756327808,2026-08-26T16:58:47.808000,0,-0.000076305,-0.04963697460972546,g
1787756327894,2026-08-26T16:58:47.894000,3,0.001769722,-8.026610120494762,g
1787756327908,2026-08-26T16:58:47.908000,0,-0.000076640,1.6425055440141827,g
1787756327994,2026-08-26T16:58:47.994000,3,0.001609943,68.88657249367081,g
1787756328009,2026-08-26T16:58:48.009000,0,-0.000076529,1.0784614024819525,g
1787756328094,2026-08-26T16:58:48.094000,3,0.001753769,-0.34703792727172583,g
1787756328109,2026-08-26T16:58:48.109000,0,-0.000076277,-0.1906454864859784,g
1787756328194,2026-08-26T16:58:48.194000,3,0.001753381,-0.1605400379678243,g
1787756328209,2026-08-26T16:58:48.209000,0,-0.000076219,-0.48677396015470237,g
1787756328295,2026-08-26T16:58:48.295000,3,0.001753503,-0.21926917550874414,g
1787756328309,2026-08-26T16:58:48.309000,0,-0.000076427,0.5661138208533282,g
1787756328395,2026-08-26T16:58:48.395000,3,0.001753290,-0.11660582553031254,g
1787756328410,2026-08-26T16:58:48.410000,0,-0.000076413,0.4956120884220062,g
1787756328495,2026-08-26T16:58:48.495000,3,0.001753460,-0.19819862201513377,g
1787756328510,2026-08-26T16:58:48.510000,0,-0.000076359,0.2229875569061062,g
1787756328595,2026-08-26T16:58:48.595000,3,0.001753405,-0.1717482708003748,g
1787756328610,2026-08-26T16:58:48.610000,0,-0.000076346,0.15717954708635104,g
1787756328696,2026-08-26T16:58:48.696000,3,0.001753470,-0.20312978234571588,g
1787756328710,2026-08-26T16:58:48.710000,0,-0.000075963,-1.7746809746367407,g
1787756328796,2026-08-26T16:58:48.796000,3,0.001753574,-0.25334058591460734,g
1787756328810,2026-08-26T16:58:48.810000,0,-0.000076568,1.2758753379141368,g
1787756328896,2026-08-26T16:58:48.896000,3,0.001753165,-0.05653221992977254,g
1787756328911,2026-08-26T16:58:48.911000,0,-0.000076347,0.1618833637250676,g
1787756328996,2026-08-26T16:58:48.996000,3,0.001753758,-0.34165812955068164,g
1787756329011,2026-08-26T16:58:49.011000,0,-0.000076420,0.5285135698251134,g
1787756329097,2026-08-26T16:58:49.097000,3,0.001753277,-0.11032923439893284,g
1787756329111,2026-08-26T16:58:49.111000,0,-0.000076313,-0.012031676567901677,g
1787756329197,2026-08-26T16:58:49.197000,3,0.001730669,10.772427280147179,g
1787756329211,2026-08-26T16:58:49.211000,0,-0.000076313,-0.012031676567901677,g
1787756329297,2026-08-26T16:58:49.297000,3,0.001753321,-0.13139978789264758,g
1787756329312,2026-08-26T16:58:49.312000,0,-0.000076375,0.3028918756013205,g
1787756329398,2026-08-26T16:58:49.398000,3,0.001732592,9.847112662281571,g
1787756329412,2026-08-26T16:58:49.412000,0,-0.000076367,0.2605878079343893,g
1787756329498,2026-08-26T16:58:49.498000,3,0.001746698,3.0565414523070413,g
1787756329512,2026-08-26T16:58:49.512000,0,-0.000076350,0.17598471961399909,g
1787756329598,2026-08-26T16:58:49.598000,3,0.001758172,-2.46665367946072,g
1787756329612,2026-08-26T16:58:49.612000,0,-0.000076331,0.08197399801631257,g
1787756329698,2026-08-26T16:58:49.698000,3,0.001760923,-3.790965308387632,g
1787756329712,2026-08-26T16:58:49.712000,0,-0.000076368,0.2699903941982133,g
1787756329799,2026-08-26T16:58:49.799000,3,0.001806252,-25.610724470710068,g
1787756329813,2026-08-26T16:58:49.813000,0,-0.000076385,0.3545985295321442,g
1787756329899,2026-08-26T16:58:49.899000,3,0.001790117,-17.844179201910574,g
1787756329913,2026-08-26T16:58:49.913000,0,-0.000076416,0.5097134443109377,g
1787756329999,2026-08-26T16:58:49.999000,3,0.001794872,-20.132808500810025,g
1787756330013,2026-08-26T16:58:50.013000,0,-0.000076384,0.3498997599069683,g
1787756330099,2026-08-26T16:58:50.099000,3,0.001795317,-20.347101209388306,g
1787756330113,2026-08-26T16:58:50.113000,0,-0.000076347,0.1618833637250676,g
1787756330200,2026-08-26T16:58:50.200000,3,0.001789729,-17.657233637957493,g
1787756330214,2026-08-26T16:58:50.214000,0,-0.000076377,0.31229446186514453,g
1787756330300,2026-08-26T16:58:50.300000,3,0.001738648,6.931744630810515,g
1787756330314,2026-08-26T16:58:50.314000,0,-0.000076363,0.24178768242028195,g
1787756330400,2026-08-26T16:58:50.400000,3,0.001794521,-19.96379543547016,g
1787756330414,2026-08-26T16:58:50.414000,0,-0.000076381,0.3310945873793203,g
1787756330500,2026-08-26T16:58:50.500000,3,0.001766378,-6.416724425927069,g
1787756330514,2026-08-26T16:58:50.514000,0,-0.000076353,0.19008607550299897,g
1787756330600,2026-08-26T16:58:50.600000,3,0.001760697,-3.682025367277716,g
1787756330614,2026-08-26T16:58:50.614000,0,-0.000076350,0.17598471961399909,g
1787756330701,2026-08-26T16:58:50.701000,3,0.001754368,-0.6353018917730304,g
1787756330715,2026-08-26T16:58:50.715000,0,-0.000076408,0.47210814626918235,g
1787756330801,2026-08-26T16:58:50.801000,3,0.001767892,-7.145678352457128,g
1787756330815,2026-08-26T16:58:50.815000,0,-0.000076353,0.19008607550299897,g
1787756330901,2026-08-26T16:58:50.901000,3,0.001784958,-15.360534642476374,g
1787756330915,2026-08-26T16:58:50.915000,0,-0.000076334,0.09607535390524405,g
1787756331001,2026-08-26T16:58:51.001000,3,0.001715994,17.83691664828055,g
1787756331015,2026-08-26T16:58:51.015000,0,-0.000076094,-1.116626111506756,g
1787756331102,2026-08-26T16:58:51.102000,3,0.001658680,45.42599428125531,g
1787756331116,2026-08-26T16:58:51.116000,0,-0.000076527,1.0690588162180603,g
1787756331202,2026-08-26T16:58:51.202000,3,0.001753325,-0.13319337471331857,g
1787756331216,2026-08-26T16:58:51.216000,0,-0.000076537,1.1207654701488838,g
1787756331302,2026-08-26T16:58:51.302000,3,0.001753494,-0.21478568982755109,g
1787756331316,2026-08-26T16:58:51.316000,0,-0.000076435,0.603719118895152,g
1787756331402,2026-08-26T16:58:51.402000,3,0.001753357,-0.14888413048598909,g
1787756331416,2026-08-26T16:58:51.416000,0,-0.000076328,0.06787264212731269,g
1787756331503,2026-08-26T16:58:51.503000,3,0.001753313,-0.12736542097240097,g
1787756331516,2026-08-26T16:58:51.516000,0,-0.000076313,-0.012031676567901677,g
1787756331603,2026-08-26T16:58:51.603000,3,0.001753425,-0.18161107283212777,g
1787756331617,2026-08-26T16:58:51.617000,0,-0.000076335,0.10077917054396059,g
1787756331703,2026-08-26T16:58:51.703000,3,0.001753259,-0.10136322577761976,g
1787756331717,2026-08-26T16:58:51.717000,0,-0.000076380,0.32639581775414445,g
1787756331803,2026-08-26T16:58:51.803000,3,0.001753397,-0.1681615785295172,g
1787756331817,2026-08-26T16:58:51.817000,0,-0.000076369,0.2746891638233892,g
1787756331904,2026-08-26T16:58:51.904000,3,0.001753494,-0.21478568982755109,g
1787756331917,2026-08-26T16:58:51.917000,0,-0.000076359,0.2229875569061062,g
1787756332004,2026-08-26T16:58:52.004000,3,0.001753338,-0.13946948447421392,g
1787756332017,2026-08-26T16:58:52.017000,0,-0.000076338,0.1148754794194198,g
1787756332104,2026-08-26T16:58:52.104000,3,0.001753328,-0.13498648016350517,g
1787756332118,2026-08-26T16:58:52.118000,0,-0.000076360,0.22768632653128207,g
1787756332204,2026-08-26T16:58:52.204000,3,0.001753386,-0.16278178080847303,g
1787756332218,2026-08-26T16:58:52.218000,0,-0.000076372,0.28879051971232067,g
1787756332304,2026-08-26T16:58:52.304000,3,0.001753408,-0.17354137625056143,g
1787756332318,2026-08-26T16:58:52.318000,0,-0.000076411,0.4862095021581138,g
1787756332405,2026-08-26T16:58:52.405000,3,0.001753349,-0.14484928219525814,g
1787756332418,2026-08-26T16:58:52.418000,0,-0.000076218,-0.4914727297798098,g
1787756332505,2026-08-26T16:58:52.505000,3,0.001754161,-0.5357765966749943,g
1787756332519,2026-08-26T16:58:52.519000,0,-0.000076662,1.7506176215009375,g
1787756332605,2026-08-26T16:58:52.605000,3,0.001752843,0.09858367645819922,g
1787756332619,2026-08-26T16:58:52.619000,0,-0.000076331,0.08197399801631257,g
1787756332705,2026-08-26T16:58:52.705000,3,0.001753525,-0.22958013356037046,g
1787756332719,2026-08-26T16:58:52.719000,0,-0.000076368,0.2699903941982133,g
1787756332806,2026-08-26T16:58:52.806000,3,0.001753149,-0.04846252334820622,g
1787756332819,2026-08-26T16:58:52.819000,0,-0.000076391,0.3828012413100756,g
1787756332906,2026-08-26T16:58:52.906000,3,0.001753393,-0.1659198356888685,g
1787756332919,2026-08-26T16:58:52.919000,0,-0.000076375,0.3028918756013205,g
1787756333006,2026-08-26T16:58:53.006000,3,0.001752498,0.2649073243081328,g
1787756333020,2026-08-26T16:58:53.020000,0,-0.000076070,-1.2341357282437255,g
1787756333106,2026-08-26T16:58:53.106000,3,0.001753937,-0.4281820863659806,g
1787756333120,2026-08-26T16:58:53.120000,0,-0.000076484,0.8528397082581597,g
1787756333207,2026-08-26T16:58:53.207000,3,0.001753129,-0.039047877336326656,g
1787756333220,2026-08-26T16:58:53.220000,0,-0.000076368,0.2699903941982133,g
1787756333307,2026-08-26T16:58:53.307000,3,0.001753135,-0.041737776196848764,g
1787756333320,2026-08-26T16:58:53.320000,0,-0.000076407,0.46270556000528995,g
1787756333407,2026-08-26T16:58:53.407000,3,0.001753359,-0.14978092389632458,g
1787756333421,2026-08-26T16:58:53.421000,0,-0.000076379,0.321697048129037,g
1787756333507,2026-08-26T16:58:53.507000,3,0.001753360,-0.15022907991619797,g
1787756333521,2026-08-26T16:58:53.521000,0,-0.000076369,0.2746891638233892,g
1787756333608,2026-08-26T16:58:53.608000,3,0.001753370,-0.1551607216173688,g
1787756333621,2026-08-26T16:58:53.621000,0,-0.000076383,0.3451959432683202,g
1787756333708,2026-08-26T16:58:53.708000,3,0.001753733,-0.32955358467827994,g
1787756333721,2026-08-26T16:58:53.721000,0,-0.000076395,0.4063001364493588,g
1787756333809,2026-08-26T16:58:53.809000,3,0.001753314,-0.1282617330122521,g
1787756333822,2026-08-26T16:58:53.822000,0,-0.000076304,-0.05433574423483292,g
1787756333909,2026-08-26T16:58:53.909000,3,0.001753368,-0.1542639282070333,g
1787756333922,2026-08-26T16:58:53.922000,0,-0.000076368,0.2699903941982133,g
1787756334009,2026-08-26T16:58:54.009000,3,0.001753369,-0.1547120842269067,g
1787756334022,2026-08-26T16:58:54.022000,0,-0.000076343,0.14307819119735116,g
1787756334110,2026-08-26T16:58:54.110000,3,0.001753302,-0.12243377927123014,g
1787756334123,2026-08-26T16:58:54.123000,0,-0.000076410,0.48151073253300636,g
1787756334210,2026-08-26T16:58:54.210000,3,0.001754863,-0.8738036900959056,g
1787756334223,2026-08-26T16:58:54.223000,0,-0.000076164,-0.759398491670534,g
1787756334310,2026-08-26T16:58:54.310000,3,0.001753868,-0.39455883198009517,g
1787756334323,2026-08-26T16:58:54.323000,0,-0.000076270,-0.2282507845278022,g
1787756334410,2026-08-26T16:58:54.410000,3,0.001753555,-0.24392593990272776,g
1787756334423,2026-08-26T16:58:54.423000,0,-0.000076293,-0.11074116779083246,g
1787756334511,2026-08-26T16:58:54.511000,3,0.001753403,-0.17085147739003934,g
1787756334524,2026-08-26T16:58:54.524000,0,-0.000076353,0.19008607550299897,g
1787756334611,2026-08-26T16:58:54.611000,3,0.001753228,-0.086568782044696,g
1787756334624,2026-08-26T16:58:54.624000,0,-0.000076358,0.2182887872809987,g
1787756334711,2026-08-26T16:58:54.711000,3,0.001753285,-0.11391592666979043,g
1787756334724,2026-08-26T16:58:54.724000,0,-0.000076362,0.23708891279510608,g
1787756334812,2026-08-26T16:58:54.812000,3,0.001753333,-0.1372282230041539,g
1787756334825,2026-08-26T16:58:54.825000,0,-0.000076323,0.03966993034931291,g
1787756334917,2026-08-26T16:58:54.917000,3,0.001753330,-0.13588327357384067,g
1787756334925,2026-08-26T16:58:54.925000,0,-0.000076327,0.06317387250213681,g
1787756335017,2026-08-26T16:58:55.017000,3,0.001753342,-0.14171122731475827,g
1787756335025,2026-08-26T16:58:55.025000,0,-0.000076368,0.26529162457310584,g
1787756335118,2026-08-26T16:58:55.118000,3,0.001753354,-0.1470910250358025,g
1787756335126,2026-08-26T16:58:55.126000,0,-0.000076372,0.28879051971232067,g
1787756335218,2026-08-26T16:58:55.218000,3,0.001753640,-0.28517073485030614,g
1787756335226,2026-08-26T16:58:55.226000,0,-0.000076388,0.36869988542114407,g
1787756335319,2026-08-26T16:58:55.319000,3,0.001753199,-0.07267113172221208,g
1787756335326,2026-08-26T16:58:55.326000,0,-0.000076400,0.42980407860218267,g
1787756335419,2026-08-26T16:58:55.419000,3,0.001753291,-0.11705398155018593,g
1787756335426,2026-08-26T16:58:55.426000,0,-0.000076350,0.17598471961399909,g
1787756335519,2026-08-26T16:58:55.519000,3,0.001753357,-0.14888413048598909,g
1787756335526,2026-08-26T16:58:55.526000,0,-0.000076379,0.321697048129037,g
1787756335619,2026-08-26T16:58:55.619000,3,0.001753369,-0.1547120842269067,g
1787756335627,2026-08-26T16:58:55.627000,0,-0.000076381,0.33579840401803684,g
1787756335720,2026-08-26T16:58:55.720000,3,0.001753278,-0.11077787178939495,g
1787756335727,2026-08-26T16:58:55.727000,0,-0.000076409,0.4768069158942898,g
1787756335820,2026-08-26T16:58:55.820000,3,0.001753332,-0.1367795856136918,g
1787756335830,2026-08-26T16:58:55.830000,0,-0.000076362,0.23708891279510608,g
1787756335920,2026-08-26T16:58:55.920000,3,0.001753341,-0.14126307129488488,g
1787756335930,2026-08-26T16:58:55.930000,0,-0.000076372,0.28879051971232067,g
1787756336020,2026-08-26T16:58:56.020000,3,0.001752262,0.37832978835806413,g
1787756336030,2026-08-26T16:58:56.030000,0,-0.000076354,0.19478484512817482,g
1787756336121,2026-08-26T16:58:56.121000,3,0.001754783,-0.8352487940088494,g
1787756336131,2026-08-26T16:58:56.131000,0,-0.000076210,-0.5290780278216336,g
1787756336221,2026-08-26T16:58:56.221000,3,0.001753196,-0.07132618229200322,g
1787756336231,2026-08-26T16:58:56.231000,0,-0.000076222,-0.467973834640595,g
1787756336321,2026-08-26T16:58:56.321000,3,0.001753137,-0.042634569607288626,g
1787756336331,2026-08-26T16:58:56.331000,0,-0.000076321,0.030272391099029572,g
1787756336421,2026-08-26T16:58:56.421000,3,0.001753072,-0.011700732711232212,g
1787756336431,2026-08-26T16:58:56.431000,0,-0.000076309,-0.030836849095618103,g
1787756336522,2026-08-26T16:58:56.522000,3,0.001753297,-0.11974388041070803,g
1787756336531,2026-08-26T16:58:56.531000,0,-0.000076332,0.0866778146549607,g
1787756336622,2026-08-26T16:58:56.622000,3,0.001751280,0.8508498993226216,g
1787756336632,2026-08-26T16:58:56.632000,0,-0.000076588,1.379283598762175,g
1787756336722,2026-08-26T16:58:56.722000,3,0.001753847,-0.38469602994834223,g
1787756336732,2026-08-26T16:58:56.732000,0,-0.000076114,-1.0132178506587177,g
1787756336822,2026-08-26T16:58:56.822000,3,0.001753519,-0.22689023469984837,g
1787756336832,2026-08-26T16:58:56.832000,0,-0.000076258,-0.28935497770890917,g
1787756336923,2026-08-26T16:58:56.923000,3,0.001753615,-0.27306618997800886,g
1787756336932,2026-08-26T16:58:56.932000,0,-0.000076454,0.7024286101180144,g
1787756337023,2026-08-26T16:58:57.023000,3,0.001753149,-0.04846252334820622,g
1787756337033,2026-08-26T16:58:57.033000,0,-0.000076144,-0.8628067525185723,g
1787756337123,2026-08-26T16:58:57.123000,3,0.001754329,-0.6164730811199645,g
1787756337133,2026-08-26T16:58:57.133000,0,-0.000076319,0.02086980483520556,g
1787756337224,2026-08-26T16:58:57.224000,3,0.001753527,-0.23047692697070596,g
1787756337233,2026-08-26T16:58:57.233000,0,-0.000076614,1.510894571388213,g
1787756337324,2026-08-26T16:58:57.324000,3,0.001752391,0.3160144399168754,g
1787756337333,2026-08-26T16:58:57.333000,0,-0.000076384,0.3498997599069683,g
1787756337424,2026-08-26T16:58:57.424000,3,0.001753242,-0.09329352919605345,g
1787756337434,2026-08-26T16:58:57.434000,0,-0.000076852,2.709499727924754,g
1787756337524,2026-08-26T16:58:57.524000,3,0.001752784,0.12727577051360692,g
1787756337534,2026-08-26T16:58:57.534000,0,-0.000076064,-1.2670372096468328,g
1787756337625,2026-08-26T16:58:57.625000,3,0.001754325,-0.6146794942991891,g
1787756337634,2026-08-26T16:58:57.634000,0,-0.000076219,-0.4820701435159858,g
1787756337725,2026-08-26T16:58:57.725000,3,0.001753089,-0.01977042929279853,g
1787756337734,2026-08-26T16:58:57.734000,0,-0.000076408,0.46740937664400645,g
1787756337825,2026-08-26T16:58:57.825000,3,0.001753361,-0.1506772359361757,g
1787756337835,2026-08-26T16:58:57.835000,0,-0.000076314,-0.002634137317618336,g
1787756337925,2026-08-26T16:58:57.925000,3,0.001754325,-0.6146794942991891,g
1787756337935,2026-08-26T16:58:57.935000,0,-0.000075622,-3.4950262050386485,g
1787756338026,2026-08-26T16:58:58.026000,3,0.001753776,-0.3506241381719947,g
1787756338035,2026-08-26T16:58:58.035000,0,-0.000076380,0.32639581775414445,g
1787756338126,2026-08-26T16:58:58.126000,3,0.001752885,0.07840943500433561,g
1787756338135,2026-08-26T16:58:58.135000,0,-0.000076321,0.030272391099029572,g
1787756338226,2026-08-26T16:58:58.226000,3,0.001753272,-0.10763933553841074,g
1787756338235,2026-08-26T16:58:58.235000,0,-0.000076199,-0.5854834513775647,g
1787756338326,2026-08-26T16:58:58.326000,3,0.001753218,-0.08163762171421826,g
1787756338336,2026-08-26T16:58:58.336000,0,-0.000076270,-0.2282507845278022,g
1787756338427,2026-08-26T16:58:58.427000,3,0.001753174,-0.060567068220503506,g
1787756338436,2026-08-26T16:58:58.436000,0,-0.000076327,0.05847510287702934,g
1787756338527,2026-08-26T16:58:58.527000,3,0.001753364,-0.1520221853663846,g
1787756338536,2026-08-26T16:58:58.536000,0,-0.000076340,0.12427806568324382,g
1787756338627,2026-08-26T16:58:58.627000,3,0.001753333,-0.1372282230041539,g
1787756338636,2026-08-26T16:58:58.636000,0,-0.000076330,0.0772752283911367,g
1787756338727,2026-08-26T16:58:58.727000,3,0.001753286,-0.1148127200802303,g
1787756338737,2026-08-26T16:58:58.737000,0,-0.000076384,0.3498997599069683,g
1787756338828,2026-08-26T16:58:58.828000,3,0.001753219,-0.08253393375396502,g
1787756338837,2026-08-26T16:58:58.837000,0,-0.000076349,0.17128090297535092,g
1787756338928,2026-08-26T16:58:58.928000,3,0.001753326,-0.13364153073319193,g
1787756338937,2026-08-26T16:58:58.937000,0,-0.000076405,0.4533080207550066,g
1787756339028,2026-08-26T16:58:59.028000,3,0.001753447,-0.1919220308837541,g
1787756339037,2026-08-26T16:58:59.037000,0,-0.000076379,0.321697048129037,g
1787756339128,2026-08-26T16:58:59.128000,3,0.001753286,-0.11436408268976819,g
1787756339138,2026-08-26T16:58:59.138000,0,-0.000076394,0.39690259719907545,g
1787756339229,2026-08-26T16:58:59.229000,3,0.001753246,-0.09553527203670217,g
1787756339238,2026-08-26T16:58:59.238000,0,-0.000076365,0.25119026868410593,g
1787756339329,2026-08-26T16:58:59.329000,3,0.001753387,-0.16322993682834638,g
1787756339338,2026-08-26T16:58:59.338000,0,-0.000076365,0.25119026868410593,g
1787756339429,2026-08-26T16:58:59.429000,3,0.001753221,-0.0834307271643005,g
1787756339438,2026-08-26T16:58:59.438000,0,-0.000076571,1.2946754634283124,g
1787756339529,2026-08-26T16:58:59.529000,3,0.001751802,0.59979588147806,g
1787756339539,2026-08-26T16:58:59.539000,0,-0.000076443,0.6460231865620832,g
1787756339630,2026-08-26T16:58:59.630000,3,0.001753579,-0.25558232875525605,g
1787756339639,2026-08-26T16:58:59.639000,0,-0.000076381,0.33579840401803684,g
1787756339730,2026-08-26T16:58:59.730000,3,0.001753598,-0.2649969747670312,g
1787756339739,2026-08-26T16:58:59.739000,0,-0.000076357,0.21358497064228218,g
1787756339830,2026-08-26T16:58:59.830000,3,0.001753298,-0.1201920364306858,g
1787756339839,2026-08-26T16:58:59.839000,0,-0.000076368,0.26529162457310584,g
1787756339930,2026-08-26T16:58:59.930000,3,0.001753245,-0.0946384786262623,g
1787756339939,2026-08-26T16:58:59.939000,0,-0.000076357,0.21358497064228218,g
1787756340031,2026-08-26T16:59:00.031000,3,0.001753424,-0.18116243544166566,g
1787756340040,2026-08-26T16:59:00.040000,0,-0.000076240,-0.37866188266794754,g
1787756340131,2026-08-26T16:59:00.131000,3,0.001756442,-1.6336909721513277,g
1787756340140,2026-08-26T16:59:00.140000,0,-0.000075976,-1.7088780118305262,g
1787756340231,2026-08-26T16:59:00.231000,3,0.001752855,0.09275572271728164,g
1787756340240,2026-08-26T16:59:00.240000,0,-0.000076341,0.13368065194706782,g
1787756340331,2026-08-26T16:59:00.331000,3,0.001753756,-0.3407613361402418,g
1787756340341,2026-08-26T16:59:00.341000,0,-0.000076164,-0.7640972612957099,g
1787756340432,2026-08-26T16:59:00.432000,3,0.001753306,-0.12422688472141676,g
1787756340441,2026-08-26T16:59:00.441000,0,-0.000076274,-0.20474684237497828,g
1787756340532,2026-08-26T16:59:00.532000,3,0.001752712,0.1617953369392391,g
1787756340541,2026-08-26T16:59:00.541000,0,-0.000075838,-2.4092369426275106,g
1787756340632,2026-08-26T16:59:00.632000,3,0.001753367,-0.15336713479669783,g
1787756340641,2026-08-26T16:59:00.641000,0,-0.000076173,-0.7170944240036028,g
1787756340732,2026-08-26T16:59:00.732000,3,0.001753732,-0.3291054286584066,g
1787756340742,2026-08-26T16:59:00.742000,0,-0.000076544,1.158365721177167,g
1787756340833,2026-08-26T16:59:00.833000,3,0.001753286,-0.1148127200802303,g
1787756340842,2026-08-26T16:59:00.842000,0,-0.000076436,0.613121705158976,g
1787756340934,2026-08-26T16:59:00.934000,3,0.001752722,0.15686417660865698,g
1787756340942,2026-08-26T16:59:00.942000,0,-0.000076314,-0.007332906942794206,g
1787756341034,2026-08-26T16:59:01.034000,3,0.001753770,-0.34748608329159925,g
1787756341042,2026-08-26T16:59:01.042000,0,-0.000076399,0.4251053089770752,g
1787756341134,2026-08-26T16:59:01.134000,3,0.001753449,-0.19326698031396294,g
1787756341143,2026-08-26T16:59:01.143000,0,-0.000076391,0.3828012413100756,g
1787756341235,2026-08-26T16:59:01.235000,3,0.001754779,-0.8334556885586628,g
1787756341243,2026-08-26T16:59:01.243000,0,-0.000076285,-0.15304523545776372,g
1787756341335,2026-08-26T16:59:01.335000,3,0.001752757,0.1398284714057776,g
1787756341343,2026-08-26T16:59:01.343000,0,-0.000077413,5.5438369325157995,g
1787756341435,2026-08-26T16:59:01.435000,3,0.001751542,0.7248747343804152,g
1787756341443,2026-08-26T16:59:01.443000,0,-0.000076040,-1.3892506430225875,g
1787756341536,2026-08-26T16:59:01.536000,3,0.001753701,-0.3143109849255872,g
1787756341543,2026-08-26T16:59:01.543000,0,-0.000076189,-0.6371850582948477,g
1787756341636,2026-08-26T16:59:01.636000,3,0.001753706,-0.3170008837861093,g
1787756341644,2026-08-26T16:59:01.644000,0,-0.000076319,0.02086980483520556,g
1787756341736,2026-08-26T16:59:01.736000,3,0.001752968,0.03851007085765923,g
1787756341744,2026-08-26T16:59:01.744000,0,-0.000076388,0.36869988542114407,g
1787756341836,2026-08-26T16:59:01.836000,3,0.001753446,-0.19147387486377632,g
1787756341844,2026-08-26T16:59:01.844000,0,-0.000076354,0.1994836147532823,g
1787756341937,2026-08-26T16:59:01.937000,3,0.001753562,-0.24751263217368974,g
1787756341946,2026-08-26T16:59:01.946000,0,-0.000076395,0.40160136682425135,g
1787756342037,2026-08-26T16:59:02.037000,3,0.001753266,-0.10494943667788864,g
1787756342046,2026-08-26T16:59:02.046000,0,-0.000076392,0.38750001093525144,g
1787756342137,2026-08-26T16:59:02.137000,3,0.001752681,0.17658978067216288,g
1787756342146,2026-08-26T16:59:02.146000,0,-0.000076508,0.9750531416339144,g
1787756342238,2026-08-26T16:59:02.238000,3,0.001752882,0.07975438443464887,g
1787756342247,2026-08-26T16:59:02.247000,0,-0.000076342,0.1383794215722437,g
1787756342338,2026-08-26T16:59:02.338000,3,0.001753333,-0.1372282230041539,g
1787756342347,2026-08-26T16:59:02.347000,0,-0.000076353,0.19008607550299897,g
1787756342438,2026-08-26T16:59:02.438000,3,0.001753285,-0.11391592666979043,g
1787756342447,2026-08-26T16:59:02.447000,0,-0.000076378,0.31699323149032044,g
1787756342538,2026-08-26T16:59:02.538000,3,0.001754028,-0.4716681427835146,g
1787756342547,2026-08-26T16:59:02.547000,0,-0.000076342,0.1383794215722437,g
1787756342639,2026-08-26T16:59:02.639000,3,0.001753905,-0.41249133059331006,g
1787756342648,2026-08-26T16:59:02.648000,0,-0.000076269,-0.23294955415297805,g
1787756342739,2026-08-26T16:59:02.739000,3,0.001752977,0.034027066546950493,g
1787756342748,2026-08-26T16:59:02.748000,0,-0.000076326,0.053771286238312795,g
1787756342839,2026-08-26T16:59:02.839000,3,0.001753152,-0.05025562879828847,g
1787756342848,2026-08-26T16:59:02.848000,0,-0.000076334,0.09607535390524405,g
1787756342939,2026-08-26T16:59:02.939000,3,0.001753459,-0.19774998462467167,g
1787756342948,2026-08-26T16:59:02.948000,0,-0.000076396,0.41100395308807536,g
1787756343040,2026-08-26T16:59:03.040000,3,0.001753241,-0.09284537317618007,g
1787756343049,2026-08-26T16:59:03.049000,0,-0.000076384,0.3498997599069683,g
1787756343140,2026-08-26T16:59:03.140000,3,0.001753242,-0.09329352919605345,g
1787756343149,2026-08-26T16:59:03.149000,0,-0.000076330,0.0772752283911367,g
1787756343240,2026-08-26T16:59:03.240000,3,0.001753415,-0.17667943113095694,g
1787756343249,2026-08-26T16:59:03.249000,0,-0.000076368,0.26529162457310584,g
1787756343340,2026-08-26T16:59:03.340000,3,0.001753371,-0.15560887763724218,g
1787756343352,2026-08-26T16:59:03.352000,0,-0.000076366,0.25588903830921345,g
1787756343441,2026-08-26T16:59:03.441000,3,0.001753465,-0.20088803950506717,g
1787756343452,2026-08-26T16:59:03.452000,0,-0.000076238,-0.3880644689317716,g
1787756343542,2026-08-26T16:59:03.542000,3,0.001753783,-0.3537621930523902,g
1787756343553,2026-08-26T16:59:03.553000,0,-0.000076468,0.7729353895629454,g
1787756343642,2026-08-26T16:59:03.642000,3,0.001753249,-0.09688022146691104,g
1787756343654,2026-08-26T16:59:03.654000,0,-0.000076430,0.580215176742328,g
1787756343742,2026-08-26T16:59:03.742000,3,0.001753232,-0.08836236886547133,g
1787756343754,2026-08-26T16:59:03.754000,0,-0.000076406,0.45800679038018244,g
1787756343843,2026-08-26T16:59:03.843000,3,0.001753359,-0.14978092389632458,g
1787756343854,2026-08-26T16:59:03.854000,0,-0.000076356,0.2088862010171747,g
1787756343943,2026-08-26T16:59:03.943000,3,0.001755320,-1.0934761963951263,g
1787756343955,2026-08-26T16:59:03.955000,0,-0.000075730,-2.949782189020526,g
1787756344043,2026-08-26T16:59:04.043000,3,0.001754701,-0.7957975858820464,g
1787756344055,2026-08-26T16:59:04.055000,0,-0.000076338,0.1148754794194198,g
1787756344144,2026-08-26T16:59:04.144000,3,0.001753389,-0.16412673023868188,g
1787756344155,2026-08-26T16:59:04.155000,0,-0.000076380,0.32639581775414445,g
1787756344245,2026-08-26T16:59:04.245000,3,0.001753067,-0.009010833850710106,g
1787756344255,2026-08-26T16:59:04.255000,0,-0.000076331,0.08197399801631257,g
1787756344345,2026-08-26T16:59:04.345000,3,0.001753380,-0.15964372592807752,g
1787756344356,2026-08-26T16:59:04.356000,0,-0.000076304,-0.05433574423483292,g
1787756344445,2026-08-26T16:59:04.445000,3,0.001753276,-0.10988107837905947,g
1787756344456,2026-08-26T16:59:04.456000,0,-0.000076366,0.25588903830921345,g
1787756344546,2026-08-26T16:59:04.546000,3,0.001753132,-0.040392826766639904,g
1787756344557,2026-08-26T16:59:04.557000,0,-0.000076342,0.1383794215722437,g
1787756344646,2026-08-26T16:59:04.646000,3,0.001753386,-0.16278178080847303,g
1787756344657,2026-08-26T16:59:04.657000,0,-0.000076346,0.15717954708635104,g
1787756344746,2026-08-26T16:59:04.746000,3,0.001753306,-0.12422688472141676,g
1787756344757,2026-08-26T16:59:04.757000,0,-0.000076364,0.24649149905893009,g
1787756344847,2026-08-26T16:59:04.847000,3,0.001753412,-0.17533448170074806,g
1787756344858,2026-08-26T16:59:04.858000,0,-0.000076366,0.25588903830921345,g
1787756344947,2026-08-26T16:59:04.947000,3,0.001753305,-0.12377872870154338,g
1787756344958,2026-08-26T16:59:04.958000,0,-0.000076377,0.31229446186514453,g
1787756345047,2026-08-26T16:59:05.047000,3,0.001753416,-0.1771275871508303,g
1787756345058,2026-08-26T16:59:05.058000,0,-0.000076379,0.321697048129037,g
1787756345149,2026-08-26T16:59:05.149000,3,0.001753222,-0.08387888318427826,g
1787756345158,2026-08-26T16:59:05.158000,0,-0.000076307,-0.04023438834590144,g
1787756345250,2026-08-26T16:59:05.250000,3,0.001753078,-0.014390631571754318,g
1787756345260,2026-08-26T16:59:05.260000,0,-0.000076404,0.44860420411629004,g
1787756345350,2026-08-26T16:59:05.350000,3,0.001753619,-0.2748597767986798,g
1787756345360,2026-08-26T16:59:05.360000,0,-0.000076428,0.5708176374920447,g
1787756345450,2026-08-26T16:59:05.450000,3,0.001753289,-0.11615766951043917,g
1787756345461,2026-08-26T16:59:05.461000,0,-0.000076391,0.3828012413100756,g
1787756345551,2026-08-26T16:59:05.551000,3,0.001753259,-0.10136322577761976,g
1787756345561,2026-08-26T16:59:05.561000,0,-0.000076560,1.238275086885922,g
1787756345651,2026-08-26T16:59:05.651000,3,0.001751462,0.7634291490968828,g
1787756345661,2026-08-26T16:59:05.661000,0,-0.000076420,0.5285135698251134,g
1787756345752,2026-08-26T16:59:05.752000,3,0.001753277,-0.11032923439893284,g
1787756345761,2026-08-26T16:59:05.761000,0,-0.000076415,0.5050096276722896,g
1787756345852,2026-08-26T16:59:05.852000,3,0.001753299,-0.12064067382114789,g
1787756345861,2026-08-26T16:59:05.861000,0,-0.000076291,-0.12014375405465647,g
1787756345952,2026-08-26T16:59:05.952000,3,0.001753329,-0.13543463618337856,g
1787756345962,2026-08-26T16:59:05.962000,0,-0.000076352,0.18538225886428242,g
1787756346052,2026-08-26T16:59:06.052000,3,0.001753361,-0.1506772359361757,g
1787756346062,2026-08-26T16:59:06.062000,0,-0.000076363,0.24178768242028195,g
1787756346153,2026-08-26T16:59:06.153000,3,0.001751772,0.6141416878204172,g
1787756346162,2026-08-26T16:59:06.162000,0,-0.000076174,-0.7123906073648862,g
1787756346253,2026-08-26T16:59:06.253000,3,0.001754303,-0.6043685362475627,g
1787756346262,2026-08-26T16:59:06.262000,0,-0.000076256,-0.29875756397273323,g
1787756346353,2026-08-26T16:59:06.353000,3,0.001753658,-0.2936885874517458,g
1787756346363,2026-08-26T16:59:06.363000,0,-0.000076261,-0.27055485219480185,g
1787756346453,2026-08-26T16:59:06.453000,3,0.001752966,0.03940638289740599,g
1787756346463,2026-08-26T16:59:06.463000,0,-0.000076464,0.7541302170352974,g
1787756346554,2026-08-26T16:59:06.554000,3,0.001753289,-0.11615766951043917,g
1787756346563,2026-08-26T16:59:06.563000,0,-0.000076469,0.7776341591881212,g
1787756346654,2026-08-26T16:59:06.654000,3,0.001753990,-0.4532874881504263,g
1787756346663,2026-08-26T16:59:06.663000,0,-0.000076349,0.17128090297535092,g
1787756346754,2026-08-26T16:59:06.754000,3,0.001753231,-0.08791373147500924,g
1787756346763,2026-08-26T16:59:06.763000,0,-0.000076297,-0.0919410422766567,g
1787756346854,2026-08-26T16:59:06.854000,3,0.001753766,-0.3456929778414126,g
1787756346864,2026-08-26T16:59:06.864000,0,-0.000076375,0.3028918756013205,g
1787756346955,2026-08-26T16:59:06.955000,3,0.001752615,0.20841992960786168,g
1787756346964,2026-08-26T16:59:06.964000,0,-0.000076326,0.053771286238312795,g
1787756347055,2026-08-26T16:59:07.055000,3,0.001753462,-0.19909493405488055,g
1787756347064,2026-08-26T16:59:07.064000,0,-0.000076367,0.2605878079343893,g
1787756347155,2026-08-26T16:59:07.155000,3,0.001753381,-0.1600918819479509,g
1787756347164,2026-08-26T16:59:07.164000,0,-0.000076302,-0.06373833049872533,g
1787756347255,2026-08-26T16:59:07.255000,3,0.001753403,-0.17085147739003934,g
1787756347264,2026-08-26T16:59:07.264000,0,-0.000076339,0.11957929605806794,g
1787756347356,2026-08-26T16:59:07.356000,3,0.001753290,-0.11660582553031254,g
1787756347365,2026-08-26T16:59:07.365000,0,-0.000076350,0.17598471961399909,g
1787756347456,2026-08-26T16:59:07.456000,3,0.001753307,-0.12467552211187886,g
1787756347465,2026-08-26T16:59:07.465000,0,-0.000076367,0.2605878079343893,g
1787756347556,2026-08-26T16:59:07.556000,3,0.001753370,-0.1551607216173688,g
1787756347565,2026-08-26T16:59:07.565000,0,-0.000076394,0.39690259719907545,g
1787756347656,2026-08-26T16:59:07.656000,3,0.001753249,-0.09688022146691104,g
1787756347665,2026-08-26T16:59:07.665000,0,-0.000076390,0.3781024716849681,g
1787756347757,2026-08-26T16:59:07.757000,3,0.001753345,-0.1430561767450715,g
1787756347765,2026-08-26T16:59:07.765000,0,-0.000076402,0.4392066648660067,g
1787756347857,2026-08-26T16:59:07.857000,3,0.001753263,-0.10360448724767977,g
1787756347866,2026-08-26T16:59:07.866000,0,-0.000076395,0.40160136682425135,g
1787756347957,2026-08-26T16:59:07.957000,3,0.001753190,-0.06818812741160772,g
1787756347966,2026-08-26T16:59:07.966000,0,-0.000076361,0.2323901431699986,g
1787756348057,2026-08-26T16:59:08.057000,3,0.001753313,-0.12736542097240097,g
1787756348066,2026-08-26T16:59:08.066000,0,-0.000076351,0.18068348923917493,g
1787756348158,2026-08-26T16:59:08.158000,3,0.001753244,-0.09419032260638893,g
1787756348166,2026-08-26T16:59:08.166000,0,-0.000076393,0.392203827573968,g
1787756348258,2026-08-26T16:59:08.258000,3,0.001753306,-0.12422688472141676,g
1787756348266,2026-08-26T16:59:08.266000,0,-0.000076344,0.1477820078360677,g
1787756348358,2026-08-26T16:59:08.358000,3,0.001753604,-0.26768687362755333,g
1787756348367,2026-08-26T16:59:08.367000,0,-0.000075840,-2.395135586738511,g
1787756348458,2026-08-26T16:59:08.458000,3,0.001753968,-0.4429765300988,g
1787756348467,2026-08-26T16:59:08.467000,0,-0.000076539,1.1301630093991673,g
1787756348559,2026-08-26T16:59:08.559000,3,0.001752928,0.05778751890118735,g
1787756348567,2026-08-26T16:59:08.567000,0,-0.000076339,0.11957929605806794,g
1787756348659,2026-08-26T16:59:08.659000,3,0.001751786,0.6074169406691642,g
1787756348667,2026-08-26T16:59:08.667000,0,-0.000076846,2.6812970161468224,g
1787756348759,2026-08-26T16:59:08.759000,3,0.001753008,0.0192326228141311,g
1787756348767,2026-08-26T16:59:08.767000,0,-0.000076122,-0.9756125526168938,g
1787756348859,2026-08-26T16:59:08.859000,3,0.001753605,-0.26813502964742675,g
1787756348867,2026-08-26T16:59:08.867000,0,-0.000076313,-0.012031676567901677,g
1787756348960,2026-08-26T16:59:08.960000,3,0.001753297,-0.11974388041070803,g
1787756348968,2026-08-26T16:59:08.968000,0,-0.000076404,0.44860420411629004,g
1787756349060,2026-08-26T16:59:09.060000,3,0.001753275,-0.10943292235918609,g
1787756349068,2026-08-26T16:59:09.068000,0,-0.000076369,0.2746891638233892,g
1787756349160,2026-08-26T16:59:09.160000,3,0.001753348,-0.14440112617528036,g
1787756349168,2026-08-26T16:59:09.168000,0,-0.000076344,0.1477820078360677,g
1787756349260,2026-08-26T16:59:09.260000,3,0.001753191,-0.06863628343148111,g
1787756349268,2026-08-26T16:59:09.268000,0,-0.000076379,0.321697048129037,g
1787756349360,2026-08-26T16:59:09.360000,3,0.001753303,-0.1228819352912079,g
1787756349368,2026-08-26T16:59:09.368000,0,-0.000076378,0.31699323149032044,g
1787756349461,2026-08-26T16:59:09.461000,3,0.001753203,-0.07446471854298742,g
1787756349469,2026-08-26T16:59:09.469000,0,-0.000076371,0.2840917500872132,g
1787756349561,2026-08-26T16:59:09.561000,3,0.001753420,-0.17892117397160565,g
1787756349569,2026-08-26T16:59:09.569000,0,-0.000076366,0.25588903830921345,g
1787756349661,2026-08-26T16:59:09.661000,3,0.001753232,-0.08881052488534472,g
1787756349669,2026-08-26T16:59:09.669000,0,-0.000076347,0.1618833637250676,g
1787756349761,2026-08-26T16:59:09.761000,3,0.001753297,-0.11974388041070803,g
1787756349769,2026-08-26T16:59:09.769000,0,-0.000076360,0.22768632653128207,g
1787756349862,2026-08-26T16:59:09.862000,3,0.001753310,-0.1260204715421921,g
1787756349869,2026-08-26T16:59:09.869000,0,-0.000076367,0.2605878079343893,g
1787756349962,2026-08-26T16:59:09.962000,3,0.001753235,-0.09015547431565796,g
1787756349969,2026-08-26T16:59:09.969000,0,-0.000076375,0.3028918756013205,g
1787756350062,2026-08-26T16:59:10.062000,3,0.001753475,-0.20537152518626023,g
1787756350070,2026-08-26T16:59:10.070000,0,-0.000076247,-0.34106163163973285,g
1787756350163,2026-08-26T16:59:10.163000,3,0.001753755,-0.3403131801203684,g
1787756350170,2026-08-26T16:59:10.170000,0,-0.000076500,0.9327490739669148,g
1787756350263,2026-08-26T16:59:10.263000,3,0.001753410,-0.1744376882903082,g
1787756350270,2026-08-26T16:59:10.270000,0,-0.000076304,-0.05433574423483292,g
1787756350363,2026-08-26T16:59:10.363000,3,0.001754596,-0.7451381449225885,g
1787756350370,2026-08-26T16:59:10.370000,0,-0.000076151,-0.8252014544767484,g
1787756350463,2026-08-26T16:59:10.463000,3,0.001752388,0.31780802673765074,g
1787756350471,2026-08-26T16:59:10.471000,0,-0.000076620,1.5390972831661445,g
1787756350564,2026-08-26T16:59:10.564000,3,0.001752807,0.11606801905164511,g
1787756350571,2026-08-26T16:59:10.571000,0,-0.000076274,-0.20474684237497828,g
1787756350664,2026-08-26T16:59:10.664000,3,0.001753408,-0.17309273886009935,g
1787756350671,2026-08-26T16:59:10.671000,0,-0.000076304,-0.05433574423483292,g
1787756350764,2026-08-26T16:59:10.764000,3,0.001753439,-0.1883353386127921,g
1787756350771,2026-08-26T16:59:10.771000,0,-0.000076388,0.36869988542114407,g
1787756350864,2026-08-26T16:59:10.864000,3,0.001753363,-0.1515740293465112,g
1787756350871,2026-08-26T16:59:10.871000,0,-0.000076397,0.4157027227131828,g
1787756350965,2026-08-26T16:59:10.965000,3,0.001753732,-0.3291054286584066,g
1787756350972,2026-08-26T16:59:10.972000,0,-0.000077132,4.1243189454077225,g
1787756351065,2026-08-26T16:59:11.065000,3,0.001752057,0.47695829004576473,g
1787756351072,2026-08-26T16:59:11.072000,0,-0.000076138,-0.891009464296572,g
1787756351165,2026-08-26T16:59:11.165000,3,0.001754176,-0.5429499812167095,g
1787756351172,2026-08-26T16:59:11.172000,0,-0.000076188,-0.6418838279199552,g
1787756351265,2026-08-26T16:59:11.265000,3,0.001753527,-0.23047692697070596,g
1787756351272,2026-08-26T16:59:11.272000,0,-0.000076358,0.2182887872809987,g
1787756351366,2026-08-26T16:59:11.366000,3,0.001754075,-0.4945322830980047,g
1787756351373,2026-08-26T16:59:11.373000,0,-0.000076308,-0.035535618720725574,g
1787756351466,2026-08-26T16:59:11.466000,3,0.001753120,-0.03456487302572231,g
1787756351473,2026-08-26T16:59:11.473000,0,-0.000076442,0.6413244169369757,g
1787756351566,2026-08-26T16:59:11.566000,3,0.001752539,0.2451812388741426,g
1787756351573,2026-08-26T16:59:11.573000,0,-0.000076327,0.05847510287702934,g
1787756351666,2026-08-26T16:59:11.666000,3,0.001754061,-0.4878075359466472,g
1787756351673,2026-08-26T16:59:11.673000,0,-0.000076440,0.6319218306731518,g
1787756351766,2026-08-26T16:59:11.766000,3,0.001754018,-0.4671851384729102,g
1787756351773,2026-08-26T16:59:11.773000,0,-0.000076242,-0.36926434341766423,g
1787756351867,2026-08-26T16:59:11.867000,3,0.001753685,-0.30668992573448295,g
1787756351874,2026-08-26T16:59:11.874000,0,-0.000075917,-2.009700208110817,g
1787756351967,2026-08-26T16:59:11.967000,3,0.001753585,-0.25872038363565153,g
1787756351974,2026-08-26T16:59:11.974000,0,-0.000076096,-1.1072235252428635,g
1787756352067,2026-08-26T16:59:12.067000,3,0.001752581,0.2250074787908677,g
1787756352074,2026-08-26T16:59:12.074000,0,-0.000076451,0.6883272542290828,g
1787756352168,2026-08-26T16:59:12.168000,3,0.001756262,-1.5471670153360289,g
1787756352177,2026-08-26T16:59:12.177000,0,-0.000075950,-1.8404889844565644,g
1787756352269,2026-08-26T16:59:12.269000,3,0.001754455,-0.6774429987603555,g
1787756352278,2026-08-26T16:59:12.278000,0,-0.000076253,-0.3128589198617331,g
1787756352369,2026-08-26T16:59:12.369000,3,0.001753582,-0.2569272781854649,g
1787756352378,2026-08-26T16:59:12.378000,0,-0.000076223,-0.46327001800187845,g
1787756352469,2026-08-26T16:59:12.469000,3,0.001753097,-0.02380527758363388,g
1787756352478,2026-08-26T16:59:12.478000,0,-0.000076334,0.09607535390524405,g
1787756352570,2026-08-26T16:59:12.570000,3,0.001753408,-0.17309273886009935,g
1787756352578,2026-08-26T16:59:12.578000,0,-0.000076329,0.07257645876602922,g
1787756352670,2026-08-26T16:59:12.670000,3,0.001752772,0.13265556823465113,g
1787756352679,2026-08-26T16:59:12.679000,0,-0.000076378,0.31699323149032044,g
1787756352770,2026-08-26T16:59:12.770000,3,0.001753598,-0.26454833737656913,g
1787756352779,2026-08-26T16:59:12.779000,0,-0.000076430,0.580215176742328,g
1787756352871,2026-08-26T16:59:12.871000,3,0.001753420,-0.17892117397160565,g
1787756352879,2026-08-26T16:59:12.879000,0,-0.000076393,0.392203827573968,g
1787756352971,2026-08-26T16:59:12.971000,3,0.001753700,-0.3138628289057138,g
1787756352979,2026-08-26T16:59:12.979000,0,-0.000076391,0.3828012413100756,g
1787756353071,2026-08-26T16:59:13.071000,3,0.001753298,-0.1201920364306858,g
1787756353079,2026-08-26T16:59:13.079000,0,-0.000076368,0.2699903941982133,g
1787756353171,2026-08-26T16:59:13.171000,3,0.001753187,-0.06684317798129448,g
1787756353180,2026-08-26T16:59:13.180000,0,-0.000076552,1.1959710192189223,g
1787756353272,2026-08-26T16:59:13.272000,3,0.001750535,1.2094989088466812,g
1787756353280,2026-08-26T16:59:13.280000,0,-0.000076630,1.590803937096968,g
1787756353372,2026-08-26T16:59:13.372000,3,0.001753028,0.009817976802251539,g
1787756353380,2026-08-26T16:59:13.380000,0,-0.000076422,0.5379161560889375,g
1787756353472,2026-08-26T16:59:13.472000,3,0.001754035,-0.4752548350544766,g
1787756353480,2026-08-26T16:59:13.480000,0,-0.000076269,-0.23294955415297805,g
1787756353572,2026-08-26T16:59:13.572000,3,0.001753268,-0.10584623008822412,g
1787756353581,2026-08-26T16:59:13.581000,0,-0.000076297,-0.0919410422766567,g
1787756353673,2026-08-26T16:59:13.673000,3,0.001752695,0.16986503352080543,g
1787756353681,2026-08-26T16:59:13.681000,0,-0.000076504,0.9562479691061979,g
1787756353773,2026-08-26T16:59:13.773000,3,0.001753108,-0.028736919284804714,g
1787756353781,2026-08-26T16:59:13.781000,0,-0.000076444,0.650721956187259,g
1787756353873,2026-08-26T16:59:13.873000,3,0.001753198,-0.0722229757023387,g
1787756353881,2026-08-26T16:59:13.881000,0,-0.000076438,0.6225192444092593,g
1787756353973,2026-08-26T16:59:13.973000,3,0.001753278,-0.11077787178939495,g
1787756353982,2026-08-26T16:59:13.982000,0,-0.000076376,0.3075956922400371,g
1787756354074,2026-08-26T16:59:14.074000,3,0.001753257,-0.1004664323671799,g
1787756354082,2026-08-26T16:59:14.082000,0,-0.000076378,0.31699323149032044,g
1787756354174,2026-08-26T16:59:14.174000,3,0.001753212,-0.07894772285369615,g
1787756354182,2026-08-26T16:59:14.182000,0,-0.000076386,0.35929729915725167,g
1787756354274,2026-08-26T16:59:14.274000,3,0.001753239,-0.09194857976574021,g
1787756354282,2026-08-26T16:59:14.282000,0,-0.000076382,0.3404971736431443,g
1787756354374,2026-08-26T16:59:14.374000,3,0.001753250,-0.09732837748678441,g
1787756354383,2026-08-26T16:59:14.383000,0,-0.000076369,0.2746891638233892,g
1787756354475,2026-08-26T16:59:14.475000,3,0.001753293,-0.11795077496062578,g
1787756354483,2026-08-26T16:59:14.483000,0,-0.000076376,0.3075956922400371,g
1787756354575,2026-08-26T16:59:14.575000,3,0.001753312,-0.12691678358193886,g
1787756354583,2026-08-26T16:59:14.583000,0,-0.000076397,0.4157027227131828,g
1787756354675,2026-08-26T16:59:14.675000,3,0.001753299,-0.12064067382114789,g
1787756354683,2026-08-26T16:59:14.683000,0,-0.000076344,0.1477820078360677,g
1787756354775,2026-08-26T16:59:14.775000,3,0.001753287,-0.11526087610010367,g
1787756354784,2026-08-26T16:59:14.784000,0,-0.000076380,0.32639581775414445,g
1787756354881,2026-08-26T16:59:14.881000,3,0.001753352,-0.146194231625467,g
1787756354884,2026-08-26T16:59:14.884000,0,-0.000076365,0.25119026868410593,g
1787756354981,2026-08-26T16:59:14.981000,3,0.001753327,-0.13453832414363182,g
1787756354984,2026-08-26T16:59:14.984000,0,-0.000076370,0.2793929804620373,g
1787756355081,2026-08-26T16:59:15.081000,3,0.001753306,-0.12422688472141676,g
1787756355085,2026-08-26T16:59:15.085000,0,-0.000076381,0.33579840401803684,g
1787756355182,2026-08-26T16:59:15.182000,3,0.001753234,-0.08970683692519586,g
1787756355185,2026-08-26T16:59:15.185000,0,-0.000076383,0.3451959432683202,g
1787756355282,2026-08-26T16:59:15.282000,3,0.001753299,-0.12064067382114789,g
1787756355285,2026-08-26T16:59:15.285000,0,-0.000076378,0.31699323149032044,g
1787756355382,2026-08-26T16:59:15.382000,3,0.001753327,-0.13453832414363182,g
1787756355385,2026-08-26T16:59:15.385000,0,-0.000076375,0.3028918756013205,g
1787756355482,2026-08-26T16:59:15.482000,3,0.001753263,-0.10360448724767977,g
1787756355485,2026-08-26T16:59:15.485000,0,-0.000076401,0.4345028482273586,g
1787756355583,2026-08-26T16:59:15.583000,3,0.001753245,-0.0946384786262623,g
1787756355586,2026-08-26T16:59:15.586000,0,-0.000076340,0.12427806568324382,g
1787756355683,2026-08-26T16:59:15.683000,3,0.001753327,-0.13453832414363182,g
1787756355686,2026-08-26T16:59:15.686000,0,-0.000076396,0.41100395308807536,g
1787756355783,2026-08-26T16:59:15.783000,3,0.001753293,-0.11795077496062578,g
1787756355786,2026-08-26T16:59:15.786000,0,-0.000076357,0.21358497064228218,g
1787756355884,2026-08-26T16:59:15.884000,3,0.001753261,-0.10270817520782863,g
1787756355886,2026-08-26T16:59:15.886000,0,-0.000076351,0.18068348923917493,g
1787756355984,2026-08-26T16:59:15.984000,3,0.001753310,-0.1260204715421921,g
1787756355986,2026-08-26T16:59:15.986000,0,-0.000076352,0.18538225886428242,g
1787756356084,2026-08-26T16:59:16.084000,3,0.001753295,-0.11884708700037255,g
1787756356086,2026-08-26T16:59:16.086000,0,-0.000076398,0.42040149233835866,g
1787756356184,2026-08-26T16:59:16.184000,3,0.001753324,-0.13274473732285647,g
1787756356187,2026-08-26T16:59:16.187000,0,-0.000076354,0.1994836147532823,g
1787756356285,2026-08-26T16:59:16.285000,3,0.001753205,-0.07580918660271195,g
1787756356287,2026-08-26T16:59:16.287000,0,-0.000076388,0.36869988542114407,g
1787756356385,2026-08-26T16:59:16.385000,3,0.001753817,-0.37034974223539624,g
1787756356387,2026-08-26T16:59:16.387000,0,-0.000076395,0.40160136682425135,g
1787756356485,2026-08-26T16:59:16.485000,3,0.001753346,-0.1435043327649449,g
1787756356487,2026-08-26T16:59:16.487000,0,-0.000076275,-0.20004807274987083,g
1787756356585,2026-08-26T16:59:16.585000,3,0.001753214,-0.07984403489344291,g
1787756356587,2026-08-26T16:59:16.587000,0,-0.000076369,0.2746891638233892,g
1787756356686,2026-08-26T16:59:16.686000,3,0.001753257,-0.1004664323671799,g
1787756356687,2026-08-26T16:59:16.687000,0,-0.000076343,0.14307819119735116,g
1787756356786,2026-08-26T16:59:16.786000,3,0.001753056,-0.004079673520232375,g
1787756356788,2026-08-26T16:59:16.788000,0,-0.000076308,-0.035535618720725574,g
1787756356886,2026-08-26T16:59:16.886000,3,0.001753130,-0.03949603335620004,g
1787756356888,2026-08-26T16:59:16.888000,0,-0.000076410,0.48151073253300636,g
1787756356986,2026-08-26T16:59:16.986000,3,0.001753454,-0.19550872315461168,g
1787756356988,2026-08-26T16:59:16.988000,0,-0.000076389,0.3733986550462516,g
1787756357086,2026-08-26T16:59:17.086000,3,0.001753201,-0.07356792513265194,g
1787756357088,2026-08-26T16:59:17.088000,0,-0.000076345,0.15248077746117517,g
1787756357187,2026-08-26T16:59:17.187000,3,0.001753423,-0.18071427942168788,g
1787756357188,2026-08-26T16:59:17.188000,0,-0.000076357,0.21358497064228218,g
1787756357287,2026-08-26T16:59:17.287000,3,0.001753316,-0.1291585264225876,g
1787756357289,2026-08-26T16:59:17.289000,0,-0.000076358,0.2182887872809987,g
1787756357387,2026-08-26T16:59:17.387000,3,0.001753016,0.015197774523295751,g
1787756357389,2026-08-26T16:59:17.389000,0,-0.000076389,0.3733986550462516,g
1787756357488,2026-08-26T16:59:17.488000,3,0.001753486,-0.21075132290730444,g
1787756357489,2026-08-26T16:59:17.489000,0,-0.000076337,0.11017670979424393,g
1787756357588,2026-08-26T16:59:17.588000,3,0.001753231,-0.08791373147500924,g
1787756357589,2026-08-26T16:59:17.589000,0,-0.000076408,0.46740937664400645,g
1787756357688,2026-08-26T16:59:17.688000,3,0.001753191,-0.06863628343148111,g
1787756357689,2026-08-26T16:59:17.689000,0,-0.000076368,0.2699903941982133,g
1787756357788,2026-08-26T16:59:17.788000,3,0.001753336,-0.13857317243436276,g
1787756357790,2026-08-26T16:59:17.790000,0,-0.000076384,0.3498997599069683,g
1787756357889,2026-08-26T16:59:17.889000,3,0.001753184,-0.06549822855108563,g
1787756357890,2026-08-26T16:59:17.890000,0,-0.000076359,0.2229875569061062,g
1787756357989,2026-08-26T16:59:17.989000,3,0.001753286,-0.1148127200802303,g
1787756357990,2026-08-26T16:59:17.990000,0,-0.000076381,0.33579840401803684,g
1787756358089,2026-08-26T16:59:18.089000,3,0.001753285,-0.11391592666979043,g
1787756358090,2026-08-26T16:59:18.090000,0,-0.000076423,0.5473136953392208,g
1787756358190,2026-08-26T16:59:18.190000,3,0.001753050,-0.0009416186398368877,g
1787756358190,2026-08-26T16:59:18.190000,0,-0.000076367,0.2605878079343893,g
1787756358290,2026-08-26T16:59:18.290000,3,0.001753370,-0.1551607216173688,g
1787756358290,2026-08-26T16:59:18.290000,0,-0.000076345,0.15248077746117517,g
1787756358390,2026-08-26T16:59:18.390000,3,0.001753186,-0.06639502196142111,g
1787756358391,2026-08-26T16:59:18.391000,0,-0.000076381,0.3310945873793203,g
1787756358490,2026-08-26T16:59:18.490000,3,0.001753316,-0.1291585264225876,g
1787756358491,2026-08-26T16:59:18.491000,0,-0.000076396,0.41100395308807536,g
1787756358590,2026-08-26T16:59:18.590000,3,0.001753252,-0.09822517089722428,g
1787756358591,2026-08-26T16:59:18.591000,0,-0.000076748,2.1877546070459144,g
1787756358691,2026-08-26T16:59:18.691000,3,0.001753340,-0.1403662778845494,g
1787756358691,2026-08-26T16:59:18.691000,0,-0.000076291,-0.12014375405465647,g
1787756358791,2026-08-26T16:59:18.791000,3,0.001753421,-0.17981748601135242,g
1787756358791,2026-08-26T16:59:18.791000,0,-0.000076252,-0.31755768948684054,g
1787756358891,2026-08-26T16:59:18.891000,3,0.001753211,-0.07849908546323406,g
1787756358891,2026-08-26T16:59:18.891000,0,-0.000076360,0.22768632653128207,g
1787756358991,2026-08-26T16:59:18.991000,3,0.001753313,-0.12736542097240097,g
1787756358992,2026-08-26T16:59:18.992000,0,-0.000076354,0.19478484512817482,g
1787756359092,2026-08-26T16:59:19.092000,3,0.001753313,-0.12781357699227436,g
1787756359092,2026-08-26T16:59:19.092000,0,-0.000076376,0.3075956922400371,g
1787756359192,2026-08-26T16:59:19.192000,3,0.001753138,-0.04353088164703539,g
1787756359192,2026-08-26T16:59:19.192000,0,-0.000076387,0.3640011157959682,g
1787756359292,2026-08-26T16:59:19.292000,3,0.001753437,-0.18743902657304534,g
1787756359292,2026-08-26T16:59:19.292000,0,-0.000076411,0.4862095021581138,g
1787756359393,2026-08-26T16:59:19.393000,0,-0.000076193,-0.6136861631555645,g
1787756359393,2026-08-26T16:59:19.393000,3,0.001753742,-0.3340365889889887,g
1787756359493,2026-08-26T16:59:19.493000,0,-0.000077991,8.458083502815532,g
1787756359493,2026-08-26T16:59:19.493000,3,0.001753061,-0.00632093499029238,g
1787756359593,2026-08-26T16:59:19.593000,0,-0.000072693,-18.282478164497345,g
1787756359593,2026-08-26T16:59:19.593000,3,0.001753413,-0.17578263772062144,g
1787756359693,2026-08-26T16:59:19.693000,0,-0.000069576,-34.01000705785228,g
1787756359693,2026-08-26T16:59:19.693000,3,0.001753239,-0.09194857976574021,g
1787756359794,2026-08-26T16:59:19.794000,0,-0.000063929,-62.513223070247605,g
1787756359794,2026-08-26T16:59:19.794000,3,0.001753299,-0.12108882984102128,g
1787756359894,2026-08-26T16:59:19.894000,0,-0.000056318,-100.92487237464854,g
1787756359894,2026-08-26T16:59:19.894000,3,0.001753257,-0.1004664323671799,g
1787756359994,2026-08-26T16:59:19.994000,0,-0.000044927,-158.4154341282491,g
1787756359994,2026-08-26T16:59:19.994000,3,0.001753236,-0.09060363033553134,g
1787756360094,2026-08-26T16:59:20.094000,0,-0.000049175,-136.9769217110317,g
1787756360094,2026-08-26T16:59:20.094000,3,0.001753353,-0.14664238764534038,g
1787756360195,2026-08-26T16:59:20.195000,0,-0.000081101,24.157409684392466,g
1787756360195,2026-08-26T16:59:20.195000,3,0.001753297,-0.11974388041070803,g
1787756360295,2026-08-26T16:59:20.295000,0,-0.000084011,38.84145338300313,g
1787756360295,2026-08-26T16:59:20.295000,3,0.001753350,-0.1452974382151315,g
1787756360395,2026-08-26T16:59:20.395000,0,-0.000094971,94.15573279514271,g
1787756360395,2026-08-26T16:59:20.395000,3,0.001753289,-0.11615766951043917,g
1787756360497,2026-08-26T16:59:20.497000,3,0.001753230,-0.08746557545513585,g
1787756360498,2026-08-26T16:59:20.498000,0,-0.000094725,92.91482861795278,g
1787756360597,2026-08-26T16:59:20.597000,3,0.001753300,-0.12153698586089465,g
1787756360599,2026-08-26T16:59:20.599000,0,-0.000097441,106.62588885425063,g
1787756360697,2026-08-26T16:59:20.697000,3,0.001753265,-0.10450128065801526,g
1787756360701,2026-08-26T16:59:20.701000,0,-0.000100571,122.41922575742532,g
1787756360798,2026-08-26T16:59:20.798000,3,0.001753256,-0.10001827634730652,g
1787756360801,2026-08-26T16:59:20.801000,0,-0.000102880,134.0762120386244,g
1787756360898,2026-08-26T16:59:20.898000,3,0.001753215,-0.08029267228390502,g
1787756360901,2026-08-26T16:59:20.901000,0,-0.000092673,82.55985070712475,g
1787756360998,2026-08-26T16:59:20.998000,3,0.001753355,-0.14798733707565362,g
1787756361001,2026-08-26T16:59:21.001000,0,-0.000071895,-22.30601793936111,g
1787756361098,2026-08-26T16:59:21.098000,3,0.001753247,-0.09598342805657556,g
1787756361102,2026-08-26T16:59:21.102000,0,-0.000075435,-4.439806955573465,g
1787756361199,2026-08-26T16:59:21.199000,3,0.001753235,-0.09015547431565796,g
1787756361202,2026-08-26T16:59:21.202000,0,-0.000045502,-155.51528891383833,g
1787756361299,2026-08-26T16:59:21.299000,3,0.001753220,-0.08298257114442713,g
1787756361302,2026-08-26T16:59:21.302000,0,-0.000025206,-257.94635709024993,g
1787756361399,2026-08-26T16:59:21.399000,3,0.001753072,-0.011700732711232212,g
1787756361402,2026-08-26T16:59:21.402000,0,-0.000014968,-309.6178282895148,g
1787756361499,2026-08-26T16:59:21.499000,3,0.001753149,-0.04846252334820622,g
1787756361502,2026-08-26T16:59:21.502000,0,-0.000014289,-313.0444173944296,g
1787756361600,2026-08-26T16:59:21.600000,3,0.001753497,-0.21613063925775994,g
1787756361603,2026-08-26T16:59:21.603000,0,-0.000033317,-217.0105903167885,g
1787756361700,2026-08-26T16:59:21.700000,3,0.001753144,-0.04622078050755749,g
1787756361703,2026-08-26T16:59:21.703000,0,-0.000070903,-27.31194376280151,g
1787756361800,2026-08-26T16:59:21.800000,3,0.001753376,-0.1578506204778909,g
1787756361803,2026-08-26T16:59:21.803000,0,-0.000081818,27.772020232502722,g
1787756361900,2026-08-26T16:59:21.900000,3,0.001753160,-0.05384232106925043,g
1787756361903,2026-08-26T16:59:21.903000,0,-0.000089266,65.36579594235617,g
1787756362001,2026-08-26T16:59:22.001000,3,0.001753299,-0.12064067382114789,g
1787756362003,2026-08-26T16:59:22.003000,0,-0.000080650,21.877719082083434,g
1787756362101,2026-08-26T16:59:22.101000,3,0.001753235,-0.09015547431565796,g
1787756362104,2026-08-26T16:59:22.104000,0,-0.000080190,19.555724412107473,g
1787756362201,2026-08-26T16:59:22.201000,3,0.001753254,-0.09912148293697104,g
1787756362204,2026-08-26T16:59:22.204000,0,-0.000080790,22.587480599144243,g
1787756362301,2026-08-26T16:59:22.301000,3,0.001753273,-0.10853612894874623,g
1787756362304,2026-08-26T16:59:22.304000,0,-0.000080113,19.170289033479712,g
1787756362402,2026-08-26T16:59:22.402000,3,0.001753234,-0.08970683692519586,g
1787756362405,2026-08-26T16:59:22.405000,0,-0.000081036,23.828384776334243,g
1787756362502,2026-08-26T16:59:22.502000,3,0.001753251,-0.09777653350676217,g
1787756362505,2026-08-26T16:59:22.505000,0,-0.000088491,61.45506701460427,g
1787756362602,2026-08-26T16:59:22.602000,3,0.001753230,-0.08746557545513585,g
1787756362605,2026-08-26T16:59:22.605000,0,-0.000086074,49.25283671738708,g
1787756362702,2026-08-26T16:59:22.702000,3,0.001753240,-0.09239673578571797,g
1787756362705,2026-08-26T16:59:22.705000,0,-0.000084694,42.28684766044566,g
1787756362803,2026-08-26T16:59:22.803000,3,0.001753243,-0.09374168521592682,g
1787756362806,2026-08-26T16:59:22.806000,0,-0.000082420,30.813173958789843,g
1787756362903,2026-08-26T16:59:22.903000,3,0.001753280,-0.11167418382924608,g
1787756362906,2026-08-26T16:59:22.906000,0,-0.000083201,34.75211064533322,g
1787756363003,2026-08-26T16:59:23.003000,3,0.001753288,-0.11570903211997706,g
1787756363008,2026-08-26T16:59:23.008000,0,-0.000083230,34.902521743473294,g
1787756363103,2026-08-26T16:59:23.103000,3,0.001753273,-0.10853612894874623,g
1787756363108,2026-08-26T16:59:23.108000,0,-0.000084250,40.049456078790016,g
1787756363204,2026-08-26T16:59:23.204000,3,0.001753273,-0.10853612894874623,g
1787756363209,2026-08-26T16:59:23.209000,0,-0.000083596,36.74977917687606,g
1787756363304,2026-08-26T16:59:23.304000,3,0.001753249,-0.09688022146691104,g
1787756363309,2026-08-26T16:59:23.309000,0,-0.000083510,36.312642191331086,g
1787756363404,2026-08-26T16:59:23.404000,3,0.001753257,-0.1004664323671799,g
1787756363409,2026-08-26T16:59:23.409000,0,-0.000087872,58.32930515298335,g
1787756363505,2026-08-26T16:59:23.505000,3,0.001753281,-0.1121228212197082,g
1787756363510,2026-08-26T16:59:23.510000,0,-0.000087181,54.84160680787389,g
1787756363605,2026-08-26T16:59:23.605000,3,0.001753308,-0.12512367813175224,g
1787756363611,2026-08-26T16:59:23.611000,0,-0.000089254,65.30469174917506,g
1787756363705,2026-08-26T16:59:23.705000,3,0.001753337,-0.13902132845423615,g
1787756363713,2026-08-26T16:59:23.713000,0,-0.000080302,20.12447237027842,g
1787756363805,2026-08-26T16:59:23.805000,3,0.001753232,-0.08881052488534472,g
1787756363814,2026-08-26T16:59:23.814000,0,-0.000058890,-87.94237378092559,g
1787756363906,2026-08-26T16:59:23.906000,3,0.001753349,-0.14484928219525814,g
1787756363914,2026-08-26T16:59:23.914000,0,-0.000071688,-23.354206950744032,g
1787756364006,2026-08-26T16:59:24.006000,3,0.001753268,-0.10584623008822412,g
1787756364014,2026-08-26T16:59:24.014000,0,-0.000096518,101.96309434177098,g
1787756364106,2026-08-26T16:59:24.106000,3,0.001753338,-0.13946948447421392,g
1787756364115,2026-08-26T16:59:24.115000,0,-0.000097605,107.45315998804847,g
1787756364207,2026-08-26T16:59:24.207000,3,0.001753191,-0.06908492082194322,g
1787756364215,2026-08-26T16:59:24.215000,0,-0.000098847,113.71879011419298,g
1787756364307,2026-08-26T16:59:24.307000,3,0.001753299,-0.12064067382114789,g
1787756364317,2026-08-26T16:59:24.317000,0,-0.000096664,102.7010585706098,g
1787756364407,2026-08-26T16:59:24.407000,3,0.001753301,-0.12198562325135676,g
1787756364417,2026-08-26T16:59:24.417000,0,-0.000072328,-20.12033301163629,g
1787756364507,2026-08-26T16:59:24.507000,3,0.001753289,-0.11615766951043917,g
1787756364518,2026-08-26T16:59:24.518000,0,-0.000068801,-37.92543980224283,g
1787756364608,2026-08-26T16:59:24.608000,3,0.001753337,-0.13902132845423615,g
1787756364619,2026-08-26T16:59:24.619000,0,-0.000069626,-33.760886468489275,g
1787756364715,2026-08-26T16:59:24.715000,3,0.001753228,-0.086568782044696,g
1787756364720,2026-08-26T16:59:24.720000,0,-0.000064654,-58.85160968484517,g
1787756364815,2026-08-26T16:59:24.815000,3,0.001753091,-0.020667222703238394,g
1787756364820,2026-08-26T16:59:24.820000,0,-0.000070354,-30.085176774211448,g
1787756364916,2026-08-26T16:59:24.916000,3,0.001753300,-0.12153698586089465,g
1787756364927,2026-08-26T16:59:24.927000,0,-0.000072259,-20.46816309222223,g
1787756365016,2026-08-26T16:59:25.016000,3,0.001753156,-0.05204873424847509,g
1787756365028,2026-08-26T16:59:25.028000,0,-0.000077010,3.5085631029310598,g
1787756365116,2026-08-26T16:59:25.116000,3,0.001753258,-0.10091506975774639,g
1787756365129,2026-08-26T16:59:25.129000,0,-0.000075840,-2.395135586738511,g
1787756365216,2026-08-26T16:59:25.216000,3,0.001753286,-0.1148127200802303,g
1787756365229,2026-08-26T16:59:25.229000,0,-0.000075750,-2.851072697797595,g
1787756365317,2026-08-26T16:59:25.317000,3,0.001753265,-0.10450128065801526,g
1787756365329,2026-08-26T16:59:25.329000,0,-0.000075570,-3.7582481502906564,g
1787756365417,2026-08-26T16:59:25.417000,3,0.001753216,-0.08074082830377839,g
1787756365430,2026-08-26T16:59:25.430000,0,-0.000076334,0.09607535390524405,g
1787756365518,2026-08-26T16:59:25.518000,3,0.001753239,-0.09194857976574021,g
1787756365531,2026-08-26T16:59:25.531000,0,-0.000076342,0.1383794215722437,g
1787756365618,2026-08-26T16:59:25.618000,3,0.001753274,-0.10898428496872399,g
1787756365633,2026-08-26T16:59:25.633000,0,-0.000076382,0.3404971736431443,g
1787756365718,2026-08-26T16:59:25.718000,3,0.001753287,-0.11526087610010367,g
1787756365733,2026-08-26T16:59:25.733000,0,-0.000076344,0.1477820078360677,g
1787756365819,2026-08-26T16:59:25.819000,3,0.001753307,-0.12467552211187886,g
1787756365833,2026-08-26T16:59:25.833000,0,-0.000076369,0.2746891638233892,g
1787756365919,2026-08-26T16:59:25.919000,3,0.001754886,-0.8845628041674054,g
1787756365934,2026-08-26T16:59:25.934000,0,-0.000076363,0.24178768242028195,g
1787756366019,2026-08-26T16:59:26.019000,3,0.001755034,-0.955844642600496,g
1787756366034,2026-08-26T16:59:26.034000,0,-0.000076464,0.7541302170352974,g
1787756366119,2026-08-26T16:59:26.119000,3,0.001753390,-0.16457488625865963,g
1787756366134,2026-08-26T16:59:26.134000,0,-0.000076440,0.6319218306731518,g
1787756366220,2026-08-26T16:59:26.220000,3,0.001753001,0.02281883371439997,g
1787756366235,2026-08-26T16:59:26.235000,0,-0.000076353,0.19008607550299897,g
1787756366321,2026-08-26T16:59:26.321000,3,0.001753150,-0.04935883538795298,g
1787756366335,2026-08-26T16:59:26.335000,0,-0.000076377,0.31229446186514453,g
1787756366421,2026-08-26T16:59:26.421000,3,0.001753233,-0.0892586809052181,g
1787756366435,2026-08-26T16:59:26.435000,0,-0.000076343,0.14307819119735116,g
1787756366521,2026-08-26T16:59:26.521000,3,0.001753316,-0.1291585264225876,g
1787756366536,2026-08-26T16:59:26.536000,0,-0.000076351,0.18068348923917493,g
1787756366622,2026-08-26T16:59:26.622000,3,0.001753277,-0.11032923439893284,g
1787756366636,2026-08-26T16:59:26.636000,0,-0.000076368,0.26529162457310584,g
1787756366724,2026-08-26T16:59:26.724000,3,0.001753284,-0.11346777064991706,g
1787756366736,2026-08-26T16:59:26.736000,0,-0.000076204,-0.5619795092247408,g
1787756366824,2026-08-26T16:59:26.824000,3,0.001753660,-0.29458538086218566,g
1787756366837,2026-08-26T16:59:26.837000,0,-0.000076279,-0.18124794723569507,g
1787756366925,2026-08-26T16:59:26.925000,3,0.001753335,-0.13812453504390068,g
1787756366937,2026-08-26T16:59:26.937000,0,-0.000076342,0.1383794215722437,g
1787756367025,2026-08-26T16:59:27.025000,3,0.001755346,-1.1060288972874013,g
1787756367038,2026-08-26T16:59:27.038000,0,-0.000075480,-4.214190308363281,g
1787756367125,2026-08-26T16:59:27.125000,3,0.001754317,-0.6110932833989202,g
1787756367141,2026-08-26T16:59:27.141000,0,-0.000076665,1.7647189773899372,g
1787756367226,2026-08-26T16:59:27.226000,3,0.001753333,-0.1372282230041539,g
1787756367242,2026-08-26T16:59:27.242000,0,-0.000076178,-0.6935904818507789,g
1787756367326,2026-08-26T16:59:27.326000,3,0.001753021,0.012956031682647026,g
1787756367343,2026-08-26T16:59:27.343000,0,-0.000076345,0.15248077746117517,g
1787756367426,2026-08-26T16:59:27.426000,3,0.001753190,-0.06818812741160772,g
1787756367444,2026-08-26T16:59:27.444000,0,-0.000076388,0.36869988542114407,g
1787756367527,2026-08-26T16:59:27.527000,3,0.001753127,-0.038151083925991175,g
1787756367545,2026-08-26T16:59:27.545000,0,-0.000076422,0.5426149257140449,g
1787756367627,2026-08-26T16:59:27.627000,3,0.001753298,-0.1201920364306858,g
1787756367646,2026-08-26T16:59:27.646000,0,-0.000076341,0.12897683530835127,g
1787756367729,2026-08-26T16:59:27.729000,3,0.001753209,-0.07760277342338291,g
1787756367746,2026-08-26T16:59:27.746000,0,-0.000076347,0.1618833637250676,g
1787756367830,2026-08-26T16:59:27.830000,3,0.001753146,-0.04711757391789298,g
1787756367846,2026-08-26T16:59:27.846000,0,-0.000076316,0.006768448946205677,g
1787756367931,2026-08-26T16:59:27.931000,3,0.001753216,-0.08074082830377839,g
1787756367948,2026-08-26T16:59:27.948000,0,-0.000076378,0.31699323149032044,g
1787756368031,2026-08-26T16:59:28.031000,3,0.001753322,-0.1318484252831097,g
1787756368048,2026-08-26T16:59:28.048000,0,-0.000076380,0.32639581775414445,g
1787756368132,2026-08-26T16:59:28.132000,3,0.001753305,-0.12377872870154338,g
1787756368149,2026-08-26T16:59:28.149000,0,-0.000076357,0.21358497064228218,g
1787756368234,2026-08-26T16:59:28.234000,3,0.001753269,-0.10629438610820188,g
1787756368250,2026-08-26T16:59:28.250000,0,-0.000076379,0.321697048129037,g
1787756368334,2026-08-26T16:59:28.334000,3,0.001753202,-0.07401608115252532,g
1787756368351,2026-08-26T16:59:28.351000,0,-0.000076329,0.07257645876602922,g
1787756368435,2026-08-26T16:59:28.435000,3,0.001753342,-0.14171122731475827,g
1787756368451,2026-08-26T16:59:28.451000,0,-0.000076360,0.22768632653128207,g
1787756368535,2026-08-26T16:59:28.535000,3,0.001753279,-0.11122602780926832,g
1787756368552,2026-08-26T16:59:28.552000,0,-0.000076368,0.26529162457310584,g
1787756368638,2026-08-26T16:59:28.638000,3,0.001753302,-0.12243377927123014,g
1787756368653,2026-08-26T16:59:28.653000,0,-0.000076361,0.2323901431699986,g
1787756368738,2026-08-26T16:59:28.738000,3,0.001753272,-0.10763933553841074,g
1787756368753,2026-08-26T16:59:28.753000,0,-0.000076388,0.36869988542114407,g
1787756368838,2026-08-26T16:59:28.838000,3,0.001753272,-0.10808797292887284,g
1787756368854,2026-08-26T16:59:28.854000,0,-0.000076347,0.1618833637250676,g
1787756368941,2026-08-26T16:59:28.941000,3,0.001753171,-0.059222118790294646,g
1787756368955,2026-08-26T16:59:28.955000,0,-0.000076379,0.321697048129037,g
1787756369041,2026-08-26T16:59:29.041000,3,0.001753236,-0.09060363033553134,g
1787756369055,2026-08-26T16:59:29.055000,0,-0.000076351,0.18068348923917493,g
1787756369144,2026-08-26T16:59:29.144000,3,0.001753251,-0.09777653350676217,g
1787756369159,2026-08-26T16:59:29.159000,0,-0.000076356,0.2088862010171747,g
1787756369245,2026-08-26T16:59:29.245000,3,0.001753260,-0.10226001918795524,g
1787756369261,2026-08-26T16:59:29.261000,0,-0.000076380,0.32639581775414445,g
1787756369345,2026-08-26T16:59:29.345000,3,0.001753260,-0.10226001918795524,g
1787756369362,2026-08-26T16:59:29.362000,0,-0.000076362,0.23708891279510608,g
1787756369447,2026-08-26T16:59:29.447000,3,0.001753307,-0.12467552211187886,g
1787756369463,2026-08-26T16:59:29.463000,0,-0.000076358,0.2182887872809987,g
1787756369547,2026-08-26T16:59:29.547000,3,0.001753245,-0.0946384786262623,g
1787756369564,2026-08-26T16:59:29.564000,0,-0.000076337,0.11017670979424393,g
1787756369647,2026-08-26T16:59:29.647000,3,0.001753188,-0.06729133400127224,g
1787756369664,2026-08-26T16:59:29.664000,0,-0.000076371,0.2840917500872132,g
1787756369748,2026-08-26T16:59:29.748000,3,0.001753185,-0.065946384570959,g
1787756369765,2026-08-26T16:59:29.765000,0,-0.000076358,0.2182887872809987,g
1787756369848,2026-08-26T16:59:29.848000,3,0.001753190,-0.06818812741160772,g
1787756369865,2026-08-26T16:59:29.865000,0,-0.000076350,0.17598471961399909,g
1787756369951,2026-08-26T16:59:29.951000,3,0.001753322,-0.1318484252831097,g
1787756369969,2026-08-26T16:59:29.969000,0,-0.000076371,0.2840917500872132,g
1787756370051,2026-08-26T16:59:30.051000,3,0.001753358,-0.14933228650586247,g
1787756370069,2026-08-26T16:59:30.069000,0,-0.000076351,0.18068348923917493,g
1787756370152,2026-08-26T16:59:30.152000,3,0.001753312,-0.12691678358193886,g
1787756370169,2026-08-26T16:59:30.169000,0,-0.000076420,0.5285135698251134,g
1787756370253,2026-08-26T16:59:30.253000,3,0.001753316,-0.1291585264225876,g
1787756370270,2026-08-26T16:59:30.270000,0,-0.000076366,0.25588903830921345,g
1787756370353,2026-08-26T16:59:30.353000,3,0.001753218,-0.08163762171421826,g
1787756370371,2026-08-26T16:59:30.371000,0,-0.000076388,0.36869988542114407,g
1787756370454,2026-08-26T16:59:30.454000,3,0.001753262,-0.10315633122770201,g
1787756370475,2026-08-26T16:59:30.475000,0,-0.000076381,0.3310945873793203,g
1787756370556,2026-08-26T16:59:30.556000,3,0.001753272,-0.10763933553841074,g
1787756370575,2026-08-26T16:59:30.575000,0,-0.000076395,0.4063001364493588,g
1787756370657,2026-08-26T16:59:30.657000,3,0.001753231,-0.08791373147500924,g
1787756370677,2026-08-26T16:59:30.677000,0,-0.000076368,0.2699903941982133,g
1787756370757,2026-08-26T16:59:30.757000,3,0.001753257,-0.1004664323671799,g
1787756370779,2026-08-26T16:59:30.779000,0,-0.000076385,0.3545985295321442,g
1787756370858,2026-08-26T16:59:30.858000,3,0.001753281,-0.1121228212197082,g
1787756370879,2026-08-26T16:59:30.879000,0,-0.000076327,0.06317387250213681,g
1787756370958,2026-08-26T16:59:30.958000,3,0.001753240,-0.09239673578571797,g
1787756370979,2026-08-26T16:59:30.979000,0,-0.000076361,0.2323901431699986,g
1787756371058,2026-08-26T16:59:31.058000,3,0.001753280,-0.11167418382924608,g
1787756371081,2026-08-26T16:59:31.081000,0,-0.000076359,0.2229875569061062,g
1787756371159,2026-08-26T16:59:31.159000,3,0.001753279,-0.11122602780926832,g
1787756371182,2026-08-26T16:59:31.182000,0,-0.000076369,0.2746891638233892,g
1787756371259,2026-08-26T16:59:31.259000,3,0.001753224,-0.08477567659461374,g
1787756371282,2026-08-26T16:59:31.282000,0,-0.000076347,0.1618833637250676,g
1787756371359,2026-08-26T16:59:31.359000,3,0.001753190,-0.06818812741160772,g
1787756371382,2026-08-26T16:59:31.382000,0,-0.000076343,0.14307819119735116,g
1787756371460,2026-08-26T16:59:31.460000,3,0.001753198,-0.0722229757023387,g
1787756371482,2026-08-26T16:59:31.482000,0,-0.000076422,0.5426149257140449,g
1787756371560,2026-08-26T16:59:31.560000,3,0.001753137,-0.042634569607288626,g
1787756371583,2026-08-26T16:59:31.583000,0,-0.000076383,0.3451959432683202,g
1787756371660,2026-08-26T16:59:31.660000,3,0.001753308,-0.12512367813175224,g
1787756371683,2026-08-26T16:59:31.683000,0,-0.000076376,0.3075956922400371,g
1787756371760,2026-08-26T16:59:31.760000,3,0.001753195,-0.07087802627212983,g
1787756371783,2026-08-26T16:59:31.783000,0,-0.000076370,0.2793929804620373,g
1787756371861,2026-08-26T16:59:31.861000,3,0.001753278,-0.11077787178939495,g
1787756371884,2026-08-26T16:59:31.884000,0,-0.000076351,0.18068348923917493,g
1787756371961,2026-08-26T16:59:31.961000,3,0.001753256,-0.10001827634730652,g
1787756371984,2026-08-26T16:59:31.984000,0,-0.000076388,0.36869988542114407,g
1787756372061,2026-08-26T16:59:32.061000,3,0.001753120,-0.03456487302572231,g
1787756372084,2026-08-26T16:59:32.084000,0,-0.000076412,0.4909082717832897,g
1787756372162,2026-08-26T16:59:32.162000,3,0.001753259,-0.10181138179749315,g
1787756372185,2026-08-26T16:59:32.185000,0,-0.000076377,0.31229446186514453,g
1787756372262,2026-08-26T16:59:32.262000,3,0.001753084,-0.017529167822842907,g
1787756372285,2026-08-26T16:59:32.285000,0,-0.000076384,0.3498997599069683,g
1787756372363,2026-08-26T16:59:32.363000,3,0.001753120,-0.03456487302572231,g
1787756372385,2026-08-26T16:59:32.385000,0,-0.000076307,-0.04023438834590144,g
1787756372464,2026-08-26T16:59:32.464000,3,0.001753180,-0.063705123100899,g
1787756372486,2026-08-26T16:59:32.486000,0,-0.000076360,0.22768632653128207,g
1787756372565,2026-08-26T16:59:32.565000,3,0.001753188,-0.06729133400127224,g
1787756372589,2026-08-26T16:59:32.589000,0,-0.000076377,0.31229446186514453,g
1787756372665,2026-08-26T16:59:32.665000,3,0.001753252,-0.09822517089722428,g
1787756372689,2026-08-26T16:59:32.689000,0,-0.000076376,0.3075956922400371,g
1787756372766,2026-08-26T16:59:32.766000,3,0.001753305,-0.12377872870154338,g
1787756372790,2026-08-26T16:59:32.790000,0,-0.000076383,0.3451959432683202,g
1787756372867,2026-08-26T16:59:32.867000,3,0.001753266,-0.10494943667788864,g
1787756372891,2026-08-26T16:59:32.891000,0,-0.000076357,0.21358497064228218,g
1787756372967,2026-08-26T16:59:32.967000,3,0.001753259,-0.10181138179749315,g
1787756372991,2026-08-26T16:59:32.991000,0,-0.000076350,0.17598471961399909,g
1787756373068,2026-08-26T16:59:33.068000,3,0.001753287,-0.11526087610010367,g
1787756373092,2026-08-26T16:59:33.092000,0,-0.000076371,0.2840917500872132,g
1787756373170,2026-08-26T16:59:33.170000,3,0.001753246,-0.09553527203670217,g
1787756373192,2026-08-26T16:59:33.192000,0,-0.000076319,0.02086980483520556,g
1787756373271,2026-08-26T16:59:33.271000,3,0.001753354,-0.1470910250358025,g
1787756373293,2026-08-26T16:59:33.293000,0,-0.000076365,0.25119026868410593,g
1787756373371,2026-08-26T16:59:33.371000,3,0.001753507,-0.22106228095893077,g
1787756373393,2026-08-26T16:59:33.393000,0,-0.000076341,0.13368065194706782,g
1787756373472,2026-08-26T16:59:33.472000,3,0.001753131,-0.03994467074676652,g
1787756373493,2026-08-26T16:59:33.493000,0,-0.000076349,0.17128090297535092,g
1787756373572,2026-08-26T16:59:33.572000,3,0.001753221,-0.0834307271643005,g
1787756373594,2026-08-26T16:59:33.594000,0,-0.000076344,0.1477820078360677,g
1787756373672,2026-08-26T16:59:33.672000,3,0.001751718,0.6401438830153029,g
1787756373694,2026-08-26T16:59:33.694000,0,-0.000075983,-1.6759714834138784,g
1787756373773,2026-08-26T16:59:33.773000,3,0.001753212,-0.07894772285369615,g
1787756373794,2026-08-26T16:59:33.794000,0,-0.000076493,0.8998425455502669,g
1787756373873,2026-08-26T16:59:33.873000,3,0.001753164,-0.056083582539206055,g
1787756373895,2026-08-26T16:59:33.895000,0,-0.000076376,0.3075956922400371,g
1787756373974,2026-08-26T16:59:33.974000,3,0.001753244,-0.09419032260638893,g
1787756373995,2026-08-26T16:59:33.995000,0,-0.000076365,0.25119026868410593,g
1787756374074,2026-08-26T16:59:34.074000,3,0.001753175,-0.06101522424037689,g
1787756374095,2026-08-26T16:59:34.095000,0,-0.000076303,-0.0590345138600088,g
1787756374174,2026-08-26T16:59:34.174000,3,0.001753275,-0.10943292235918609,g
1787756374195,2026-08-26T16:59:34.195000,0,-0.000076350,0.17598471961399909,g
1787756374277,2026-08-26T16:59:34.277000,3,0.001753635,-0.282480835989784,g
1787756374297,2026-08-26T16:59:34.297000,0,-0.000076307,-0.04023438834590144,g
1787756374377,2026-08-26T16:59:34.377000,3,0.001753370,-0.1551607216173688,g
1787756374399,2026-08-26T16:59:34.399000,0,-0.000076365,0.25119026868410593,g
1787756374477,2026-08-26T16:59:34.477000,3,0.001753330,-0.13588327357384067,g
1787756374500,2026-08-26T16:59:34.500000,0,-0.000076377,0.31229446186514453,g
1787756374579,2026-08-26T16:59:34.579000,3,0.001753188,-0.06729133400127224,g
1787756374600,2026-08-26T16:59:34.600000,0,-0.000076369,0.2746891638233892,g
1787756374679,2026-08-26T16:59:34.679000,3,0.001753264,-0.10405312463814187,g
1787756374700,2026-08-26T16:59:34.700000,0,-0.000076386,0.35929729915725167,g
